osmid,cathedral_name,city,country,lat,lon,start_year,end_year,duration_years,period_bucket,surface_m2,height_m,m3,volume_proxy,completed,not_collapsed,n_disasters,any_war,any_fire,any_earthquake,any_other_natural,any_other,first_disaster_year,last_disaster_year,disasters_during_construction,war_during_construction,fire_during_construction,earthquake_during_construction,disaster_years,osmwikipedia,osmlink,saints,destroyed
100010435.0,Johanniskirche,Mainz,de,49.99841389,8.272385862,700.0,1100.0,400.0,700–899,,,,,True,True,,,,,,,,,0,0,0,0,,de.wikipedia.org/wiki/St._Johannis_(Mainz),http://www.openstreetmap.org/way/100010435,"st martin (700), st john baptist (936)",no (N/A)
1019671.0,Erfurter Dom,Erfurt,de,50.97566739,11.02316913,752.0,1465.0,713.0,700–899,,,,,True,True,,,,,,,,,0,0,0,0,,de.wikipedia.org/wiki/Erfurter_Dom,http://www.openstreetmap.org/relation/1019671,mary (1180),no (N/A)
102099277.0,Primatiale Saint-Trophime,Arles,fr,43.67664165,4.628236868,700.0,1500.0,800.0,700–899,,,,,True,True,,,,,,,,,0,0,0,0,,fr.wikipedia.org/wiki/Ancienne_cathédrale_Saint-Trophime_d'Arles,,"st stephen (700), st trophime (1152)",no (N/A)
102809767.0,Cathédrale Notre-Dame,Chartres,fr,48.44783667,1.487859158,1134.0,1260.0,126.0,1100–1299,7307.69506,37.0,270384.71722,270384.71722,True,True,3.0,True,True,False,False,False,858.0,1134.0,1,0,1,0,858;1020;1134,fr.wikipedia.org/wiki/Cathédrale_Notre-Dame_de_Chartres,http://www.openstreetmap.org/way/102809767,mary (700),"damaged by vikings (858), conflagration (1020), fire (1134)"
105137673.0,Cattedrale di San Lorenzo,Trapani,it,38.01599489,12.50786488,1080.0,1475.0,395.0,900–1099,,,,,True,True,,,,,,,,,0,0,0,0,,it.wikipedia.org/wiki/Cattedrale_di_San_Lorenzo_(Trapani),http://www.openstreetmap.org/way/105137673,,
106241292.0,Cathédrale Saint-Pierre,Beauvais,fr,49.43257685,2.081518586,1225.0,1347.0,122.0,1100–1299,4072.0,,,,True,True,1.0,False,True,False,False,False,1225.0,1225.0,1,0,1,0,1225,fr.wikipedia.org/wiki/Cathédrale_Saint-Pierre_de_Beauvais,http://www.openstreetmap.org/way/106241292,st peter (900),fire (1225)
110679251.0,Cattedrale di San Giovanni Battista,Torino,it,45.07333118,7.685426184,590.0,1498.0,908.0,700–899,,,,,True,True,,,,,,,,,0,0,0,0,,it.wikipedia.org/wiki/Duomo_di_Torino,http://www.openstreetmap.org/way/110679251,,
11120487.0,Cattedrale di San Ciriaco,Ancona,it,43.62535006,13.51018181,500.0,1250.0,750.0,700–899,,,,,True,True,,,,,,,,,0,0,0,0,,it.wikipedia.org/wiki/Duomo_di_Ancona,http://www.openstreetmap.org/way/11120487,,
112060042.0,Basilique-Cathédrale Saint-Étienne,Meaux,fr,48.96021212,2.878918744,1175.0,1540.0,365.0,1100–1299,3938.0,31.0,122078.0,122078.0,True,True,,,,,,,,,0,0,0,0,,fr.wikipedia.org/wiki/Cathédrale_Saint-Étienne_de_Meaux,http://www.openstreetmap.org/way/112060042,st stephen (1000),no (N/A)
113037532.0,Cathédrale Saint-Étienne,Chalons-sur-Marne (Châlons-en-Champagne),fr,48.95509966,4.357675389,1240.0,1500.0,260.0,1100–1299,3065.0,27.0,82755.0,82755.0,True,True,2.0,True,True,False,False,False,880.0,1138.0,0,0,0,0,880;1138,fr.wikipedia.org/wiki/Cathédrale_Saint-Étienne_de_Châlons,http://www.openstreetmap.org/way/113037532,st stephen (700),"damaged by vikings (880), fire (1138)"
114671173.0,Cattedrale di Santa Maria Assunta,Rieti,it,42.40214351,12.85894997,500.0,1225.0,725.0,700–899,,,,,True,True,,,,,,,,,0,0,0,0,,it.wikipedia.org/wiki/Cattedrale_di_Santa_Maria_Assunta_(Rieti),http://www.openstreetmap.org/way/114671173,,
116991409.0,Cathédrale Saint-Maurice,Vienne (Vienne (Isère)),fr,45.5241978,4.873262272,700.0,1527.0,827.0,700–899,,,,,True,True,,,,,,,,,0,0,0,0,,fr.wikipedia.org/wiki/Cathédrale_Saint-Maurice_de_Vienne,http://www.openstreetmap.org/way/116991409,st maurice (700),no (N/A)
120545484.0,Cathédrale Saint-Théodorit,Uzes (Uzès),fr,44.01214948,4.42239479,1090.0,1120.0,30.0,900–1099,,,,,True,True,,,,,,,,,0,0,0,0,,fr.wikipedia.org/wiki/Cathédrale_Saint-Théodorit_d'Uzès,http://www.openstreetmap.org/way/120545484,st theodorit (1090),no (N/A)
120661948.0,Duomo,Cosenza,it,39.28886231,16.26018714,600.0,1222.0,622.0,700–899,,,,,True,True,1.0,False,False,True,False,False,1184.0,1184.0,1,0,0,1,1184,it.wikipedia.org/wiki/Duomo_di_Cosenza,http://www.openstreetmap.org/way/120661948,,
121570436.0,Cathédrale Saint-Vincent,Chalon-sur-saone (Chalon-sur-Saône),fr,46.78249843,4.859067628,1090.0,1520.0,430.0,900–1099,2334.0,24.0,56016.0,56016.0,True,True,1.0,True,False,False,False,False,790.0,790.0,0,0,0,0,790,fr.wikipedia.org/wiki/Cathédrale_Saint-Vincent_de_Chalon-sur-Saône,http://www.openstreetmap.org/way/121570436,st vincent (700),destroyed by saracens (790)
122321225.0,Cathédrale Notre-Dame-de-la-Sède,Tarbes,fr,43.233818,0.0689254662362214,1100.0,1400.0,300.0,1100–1299,,,,,True,True,,,,,,,,,0,0,0,0,,fr.wikipedia.org/wiki/Cathédrale_Notre-Dame-de-la-Sède_de_Tarbes,http://www.openstreetmap.org/way/122321225,mary (1100),no (N/A)
122385636.0,Bamberger Dom,Bamberg,de,49.89070633,10.88250357,950.0,1237.0,287.0,900–1099,,,,,True,True,1.0,False,True,False,False,False,1081.0,1081.0,1,0,1,0,1081,de.wikipedia.org/wiki/Bamberger_Dom,http://www.openstreetmap.org/way/122385636,"st peter (950), st george (950)",partly damaged by fire (1081)
122630414.0,Cattedrale di San Lorenzo,Perugia,it,43.1124587,12.38895703,800.0,1490.0,690.0,700–899,,,,,True,True,,,,,,,,,0,0,0,0,,it.wikipedia.org/wiki/Cattedrale_di_San_Lorenzo_(Perugia),http://www.openstreetmap.org/way/122630414,,
122982019.0,Cattedrale di Santa Maria Assunta (Duomo),Napoli,it,40.85264368,14.25983409,500.0,1475.0,975.0,700–899,,,,,True,False,2.0,False,False,True,False,True,1349.0,1450.0,2,0,0,1,1349;1450,it.wikipedia.org/wiki/Duomo_di_Napoli,http://www.openstreetmap.org/way/122982019,,
124226786.0,Cathédrale Saint-Lazare,Autun,fr,46.94502232,4.299053925,700.0,1469.0,769.0,700–899,,,,,True,True,,,,,,,,,0,0,0,0,,fr.wikipedia.org/wiki/Cathédrale_Saint-Lazare_d'Autun,http://www.openstreetmap.org/way/124226786,"st nazaire (700), st lazarus (1120)",no (N/A)
126627387.0,Cattedrale di Santa Maria Assunta,Asti,it,44.90071075,8.197932951,500.0,1320.0,820.0,700–899,,,,,True,True,1.0,False,True,False,False,False,1070.0,1070.0,1,0,1,0,1070,it.wikipedia.org/wiki/Cattedrale_di_Santa_Maria_Assunta_(Asti),http://www.openstreetmap.org/way/126627387,,
126915366.0,Cathédrale Saint-Maurice,Angers,fr,47.47055695,-0.554948309025218,1143.0,1240.0,97.0,1100–1299,3217.0,25.0,80425.0,80425.0,True,True,1.0,False,True,False,False,False,1032.0,1032.0,0,0,0,0,1032,fr.wikipedia.org/wiki/Cathédrale_Saint-Maurice_d'Angers,http://www.openstreetmap.org/way/126915366,st maurice (700),fire (1032)
1270298.0,Cathédrale Saint-Véran,Cavaillon,fr,43.83619958,5.036320518,1000.0,1400.0,400.0,900–1099,,,,,True,True,,,,,,,,,0,0,0,0,,https://fr.wikipedia.org/wiki/Cath%C3%A9drale_Notre-Dame-et-Saint-V%C3%A9ran_de_Cavaillon,http://www.openstreetmap.org/relation/1270298,"mary (1000), st peter (1000), st veran (128)",no (N/A)
127522925.0,Cathédrale-Basilique Saint-Cyr et Sainte-Julitte,Nevers,fr,46.98716934,3.157253339,700.0,1331.0,631.0,700–899,,,,,True,True,,,,,,,,,0,0,0,0,,fr.wikipedia.org/wiki/Cathédrale_Saint-Cyr-et-Sainte-Julitte_de_Nevers,http://www.openstreetmap.org/way/127522925,"st cyr (700), st julitte (700)",no (N/A)
128914739.0,Cathedral Church of St Machar,Aberdeen,uk,57.16982044,-2.102380828,1130.0,1530.0,400.0,1100–1299,,,,,True,True,,,,,,,,,0,0,0,0,,en.wikipedia.org/wiki/St_Machar%27s_Cathedral,http://www.openstreetmap.org/way/128914739,st machar (1130),no (N/A)
129510589.0,Cattedrale di Santa Maria Assunta,Pesaro,it,43.9109391,12.91468331,600.0,1312.0,712.0,700–899,,,,,True,True,,,,,,,,,0,0,0,0,,it.wikipedia.org/wiki/Cattedrale_di_Santa_Maria_Assunta_(Pesaro),http://www.openstreetmap.org/way/129510589,,
130311744.0,Église Saint-Pierre,Lisieux,fr,49.14654584,0.226886638440973,700.0,1230.0,530.0,700–899,,,,,True,True,,,,,,,,,0,0,0,0,,fr.wikipedia.org/wiki/Cathédrale_Saint-Pierre_de_Lisieux,http://www.openstreetmap.org/way/130311744,st peter (700),no (N/A)
130823172.0,Cathédrale Saint-Jean-Baptiste,Ales (Alès),fr,44.12355984,4.076632304,1100.0,1500.0,400.0,1100–1299,,,,,True,True,,,,,,,,,0,0,0,0,,fr.wikipedia.org/wiki/Cathédrale_Saint-Jean-Baptiste_d'Alès,http://www.openstreetmap.org/way/130823172,st john baptist (1100),no (N/A)
131977001.0,Duomo di Padova,Padova (Padua),it,45.40652559,11.87127537,300.0,1180.0,880.0,700–899,,,,,True,True,2.0,True,False,True,False,False,900.0,1117.0,2,1,0,1,900;1117,it.wikipedia.org/wiki/Duomo_di_Padova,http://www.openstreetmap.org/way/131977001,,
132077614.0,Cattedrale dei Santi Pietro e Marco,Alessandria,it,44.91196901,8.618487006,1170.0,1297.0,127.0,1100–1299,,,,,True,True,,,,,,,,,0,0,0,0,,it.wikipedia.org/wiki/Duomo_di_Alessandria,http://www.openstreetmap.org/way/132077614,,
132132649.0,Cathédrale Notre-Dame-de-l'Assomption,Bayeux,fr,49.27554097,-0.703521388853762,1040.0,1420.0,380.0,900–1099,3725.0,23.0,85675.0,85675.0,True,True,2.0,False,True,False,False,False,1015.0,1105.0,1,0,1,0,1015;1105,fr.wikipedia.org/wiki/Cathédrale_Notre-Dame_de_Bayeux,http://www.openstreetmap.org/way/132132649,mary (700),"fire (1015), fire (1105)"
133271301.0,Cathédrale Saint-Nazaire,Beziers (Béziers),fr,43.34138524,3.209962599,1250.0,1450.0,200.0,1100–1299,3135.0,32.0,100320.0,100320.0,True,True,1.0,False,True,False,False,False,1209.0,1209.0,0,0,0,0,1209,fr.wikipedia.org/wiki/Cathédrale_Saint-Nazaire_de_Béziers,http://www.openstreetmap.org/way/133271301,st nazaire (700),fire (1209)
133498284.0,Duomo di Santa Maria Assunta,Urbino,it,43.72494534,12.63640483,1021.0,1604.0,583.0,900–1099,,,,,True,True,,,,,,,,,0,0,0,0,,it.wikipedia.org/wiki/Duomo_di_Urbino,http://www.openstreetmap.org/way/133498284,,
133776910.0,Cattedrale di San Florido,Citta di Castello (Città di Castello),it,43.45669598,12.23811913,600.0,1529.0,929.0,700–899,,,,,True,True,1.0,False,False,True,False,False,1493.0,1493.0,1,0,0,1,1493,it.wikipedia.org/wiki/Duomo_di_Città_di_Castello,http://www.openstreetmap.org/way/133776910,,
136200148.0,Primatiale Saint-Jean,Lyon,fr,45.7607184,4.827431529,1165.0,1332.0,167.0,1100–1299,3432.0,33.0,113256.0,113256.0,True,True,,,,,,,,,0,0,0,0,,fr.wikipedia.org/wiki/Primatiale_Saint-Jean_de_Lyon,http://www.openstreetmap.org/way/136200148,"st john baptist (700), st stephen (700)",no (N/A)
136636672.0,Cathédrale Saint-Pierre,Saintes,fr,45.74452141,-0.632007430930527,700.0,1700.0,1000.0,700–899,,,,,True,False,2.0,False,True,False,False,True,990.0,1420.0,2,0,1,0,990;1420,fr.wikipedia.org/wiki/Cathédrale_Saint-Pierre_de_Saintes,http://www.openstreetmap.org/way/136636672,st peter (700),"fire (990), partial collapse (1420)"
137472252.0,Basler Münster,Basel,ch,47.5564303,7.592304144,1180.0,1420.0,240.0,1100–1299,2683.431696,20.0,53668.63392,53668.63392,True,True,1.0,False,False,True,False,False,1356.0,1356.0,1,0,0,1,1356,de.wikipedia.org/wiki/Basler_Münster,http://www.openstreetmap.org/way/137472252,mary (1000),partly damaged by earthquake (1356)
137804516.0,Cattedrale di Santa Maria Assunta,Ivrea,it,45.46809336,7.87527621,400.0,1550.0,1150.0,700–899,,,,,True,True,1.0,False,False,True,False,False,1117.0,1117.0,1,0,0,1,1117,it.wikipedia.org/wiki/Duomo_di_Ivrea,http://www.openstreetmap.org/way/137804516,,
138753947.0,Duomo Antico,Milazzo,it,38.23066198,15.24220669,331.0,350.0,19.0,700–899,,,,,True,True,,,,,,,,,0,0,0,0,,https://it.wikipedia.org/wiki/Duomo_Antico_di_Santo_Stefano,http://www.openstreetmap.org/way/138753947,,
138800932.0,Basilica di San Marco,Venezia,it,45.4345513,12.33981336,828.0,1107.0,279.0,700–899,,,,,True,True,1.0,False,True,False,False,False,976.0,976.0,1,0,1,0,976,it.wikipedia.org/wiki/Basilica_di_San_Marco,http://www.openstreetmap.org/way/138800932,,
138806296.0,Duomo di Rovigo,Rovigo,it,45.06941753,11.78923272,920.0,1461.0,541.0,900–1099,,,,,True,True,,,,,,,,,0,0,0,0,,it.wikipedia.org/wiki/Duomo_di_Rovigo,http://www.openstreetmap.org/way/138806296,,
138809135.0,Cattedrale di Santa Maria Matricolare,Verona,it,45.44723792,10.99701725,500.0,1187.0,687.0,700–899,,,,,True,True,1.0,False,False,True,False,False,1117.0,1117.0,1,0,0,1,1117,it.wikipedia.org/wiki/Duomo_di_Verona,http://www.openstreetmap.org/way/138809135,,
138894828.0,Cattedrale di Santa Maria Annunciata,Vicenza,it,45.54632606,11.54391655,315.0,1467.0,1152.0,700–899,,,,,True,True,2.0,True,False,True,False,False,1117.0,1236.0,2,1,0,1,1117;1236,it.wikipedia.org/wiki/Cattedrale_di_Santa_Maria_Annunciata,http://www.openstreetmap.org/way/138894828,,
140234638.0,Cattedrale di San Romolo,Firenze,it,43.80722559,11.29256965,1028.0,1260.0,232.0,900–1099,,,,,True,True,,,,,,,,,0,0,0,0,,it.wikipedia.org/wiki/Duomo_di_Fiesole,http://www.openstreetmap.org/way/140234638,,
142251606.0,Cathédrale de l'Assomption de Notre-Dame,Senlis,fr,49.20682164,2.586034683,1151.0,1191.0,40.0,1100–1299,2297.64809,24.0,55143.55416,55143.55416,True,True,,,,,,,,,0,0,0,0,,fr.wikipedia.org/wiki/Cathédrale_Notre-Dame_de_Senlis,http://www.openstreetmap.org/way/142251606,mary (1151),no (N/A)
144278109.0,Cathédrale Notre-Dame et Saint-Vaast,Arras (Atrecht),fr,50.29295344,2.77484334,700.0,1435.0,735.0,700–899,,,,,True,True,,,,,,,,,0,0,0,0,,fr.wikipedia.org/wiki/Cathédrale_Notre-Dame-et-Saint-Vaast_d'Arras,http://www.openstreetmap.org/way/144278109,mary (1160),no (N/A)
144832880.0,Mindener Dom,Minden,de,52.28884919,8.919206296,820.0,1290.0,470.0,700–899,,,,,True,True,2.0,False,True,False,False,False,947.0,1062.0,2,0,2,0,947;1062,de.wikipedia.org/wiki/Mindener_Dom,http://www.openstreetmap.org/way/144832880,"st gorgonius (800), st peter (800)","fire (947), fire (1062)"
146670643.0,Cathédrale Notre-Dame,Laon,fr,49.56436229,3.625017193,1135.0,1235.0,100.0,1100–1299,5016.823922,25.0,125420.59804999999,125420.59804999999,True,True,1.0,False,True,False,False,False,1112.0,1112.0,0,0,0,0,1112,fr.wikipedia.org/wiki/Cathédrale_Notre-Dame_de_Laon,http://www.openstreetmap.org/way/146670643,"christ (800), mary (800)",fire (1112)
146763718.0,Cathédrale Notre-Dame,Dax,fr,43.70846093,-1.052983623,1000.0,1300.0,300.0,900–1099,,,,,True,True,,,,,,,,,0,0,0,0,,fr.wikipedia.org/wiki/Cathédrale_Notre-Dame_de_Dax,http://www.openstreetmap.org/way/146763718,mary (1280),no (N/A)
149498084.0,Salisbury Cathedral,Salisbury,uk,51.06474973,-1.797496434,1120.0,1258.0,138.0,1100–1299,5000.0,26.0,130000.0,130000.0,True,True,,,,,,,,,0,0,0,0,,en.wikipedia.org/wiki/Salisbury_Cathedral,http://www.openstreetmap.org/way/149498084,mary (1220),no (N/A)
149675315.0,Cattedrale di Santa Maria Assunta,Spoleto,it,42.73526978,12.74037102,800.0,1200.0,400.0,700–899,,,,,True,True,,,,,,,,,0,0,0,0,,it.wikipedia.org/wiki/Duomo_di_Spoleto,http://www.openstreetmap.org/way/149675315,,
149902656.0,Cattedrale di San Cassiano Martire,Imola,it,44.35349623,11.7110915,1188.0,1271.0,83.0,1100–1299,,,,,True,True,,,,,,,,,0,0,0,0,,it.wikipedia.org/wiki/Cattedrale_di_San_Cassiano,http://www.openstreetmap.org/way/149902656,,
151920334.0,Cattedrale di San Pietro Apostolo,Faenza,it,44.28582573,11.88447447,1000.0,1525.0,525.0,900–1099,,,,,True,True,,,,,,,,,0,0,0,0,,it.wikipedia.org/wiki/Duomo_di_Faenza,http://www.openstreetmap.org/way/151920334,,
151930483.0,Cathédrale Saint-Jean-Baptiste,Aire (Aire-sur-l'Adour),fr,43.70037984,-0.262054284491455,1060.0,1300.0,240.0,900–1099,1586.366592,15.0,23795.498880000003,23795.498880000003,True,True,,,,,,,,,0,0,0,0,,fr.wikipedia.org/wiki/Cathédrale_Saint-Jean-Baptiste_d'Aire,http://www.openstreetmap.org/way/151930483,st john baptist (700),no (N/A)
153199016.0,Chiesa Cattedrale di Cesena,Cesena,it,44.1374291,12.24544288,900.0,1406.0,506.0,900–1099,,,,,True,True,,,,,,,,,0,0,0,0,,it.wikipedia.org/wiki/Duomo_di_Cesena,http://www.openstreetmap.org/way/153199016,,
155551498.0,Hoher Dom St. Martin,Mainz,de,49.99889863,8.273938864,1085.0,1400.0,315.0,900–1099,4830.067093,29.0,140071.945697,140071.945697,True,True,1.0,False,True,False,False,False,1009.0,1009.0,0,0,0,0,1009,de.wikipedia.org/wiki/Mainzer_Dom,http://www.openstreetmap.org/way/155551498,"st martin (975), st stephen (975)",damaged by fire (1009)
156615075.0,Concattedrale di San Nicola,Palmi,it,38.35952203,15.8488582,1250.0,1300.0,50.0,1100–1299,,,,,True,True,,,,,,,,,0,0,0,0,,it.wikipedia.org/wiki/Concattedrale_di_San_Nicola_(Palmi),http://www.openstreetmap.org/way/156615075,,
158946411.0,Duomo di Santa Maria Assunta,Montagnana,it,45.23297821,11.46783625,1000.0,1502.0,502.0,900–1099,,,,,True,True,,,,,,,,,0,0,0,0,,it.wikipedia.org/wiki/Duomo_di_Montagnana,http://www.openstreetmap.org/way/158946411,,
162259412.0,Cattedrale di Santa Maria Assunta,Aosta,it,45.7381387,7.318056813,300.0,1520.0,1220.0,700–899,,,,,True,True,,,,,,,,,0,0,0,0,,it.wikipedia.org/wiki/Cattedrale_di_Aosta,http://www.openstreetmap.org/way/162259412,,
166002162.0,Basilica di Santa Trofimena,Amalfi,it,40.65038418,14.62794078,987.0,1020.0,33.0,900–1099,,,,,True,True,,,,,,,,,0,0,0,0,,it.wikipedia.org/wiki/Basilica_di_Santa_Trofimena,http://www.openstreetmap.org/way/166002162,,
166506824.0,Duomo,Enna (Kasr Yannik),it,37.56702211,14.28295728,1307.0,1475.0,168.0,1300–1500,,,,,True,True,,,,,,,,,0,0,0,0,,it.wikipedia.org/wiki/Duomo_di_Enna,http://www.openstreetmap.org/way/166506824,,
167010425.0,Basilica di San Giorgio fuori le mura,Ferrara,it,44.82173636,11.62806793,700.0,1300.0,600.0,700–899,,,,,True,True,,,,,,,,,0,0,0,0,,it.wikipedia.org/wiki/Basilica_di_San_Giorgio_fuori_le_mura,http://www.openstreetmap.org/way/167010425,,
170272236.0,Basilica Maria Santissima Assunta,Reggio di Calabria,it,38.10536324,15.64221349,1060.0,1150.0,90.0,900–1099,,,,,True,True,,,,,,,,,0,0,0,0,,it.wikipedia.org/wiki/Duomo_di_Reggio_Calabria,http://www.openstreetmap.org/way/170272236,,
171795848.0,Cattedrale di Santa Maria Assunta,Como,it,45.81178183,9.083683148,800.0,1519.0,719.0,700–899,,,,,True,True,,,,,,,,,0,0,0,0,,it.wikipedia.org/wiki/Duomo_di_Como,http://www.openstreetmap.org/way/171795848,,
179179044.0,Cattedrale di Santa Maria e San Giovenale,Fossano,it,44.54919291,7.725682848,1200.0,1300.0,100.0,1100–1299,,,,,True,True,,,,,,,,,0,0,0,0,,it.wikipedia.org/wiki/Duomo_di_Fossano,http://www.openstreetmap.org/way/179179044,,
179584053.0,Cattedrale di Santa Maria Assunta,Parma,it,44.80322148,10.33129222,400.0,1294.0,894.0,700–899,,,,,True,True,2.0,False,True,False,False,False,780.0,1055.0,2,0,2,0,780;1055,it.wikipedia.org/wiki/Duomo_di_Parma,http://www.openstreetmap.org/way/179584053,,
180242603.0,Cattedrale di Santo Stefano,Prato,it,43.88184141,11.09809303,900.0,1350.0,450.0,900–1099,,,,,True,True,,,,,,,,,0,0,0,0,,it.wikipedia.org/wiki/Duomo_di_Prato,http://www.openstreetmap.org/way/180242603,,
180366824.0,Cattedrale di San Martino,Lucca,it,43.84064992,10.50607897,700.0,1400.0,700.0,700–899,,,,,True,True,,,,,,,,,0,0,0,0,,it.wikipedia.org/wiki/Cattedrale_di_San_Martino_(Lucca),http://www.openstreetmap.org/way/180366824,,
181713021.0,Münster Unserer Lieben Frau,Konstanz (Drusomagus),de,47.66335263,9.175947721,590.0,1500.0,910.0,700–899,,,,,True,True,,,,,,,,,0,0,0,0,,de.wikipedia.org/wiki/Konstanzer_Münster,http://www.openstreetmap.org/way/181713021,,
1821753.0,Norwich Cathedral,Norwich,uk,52.63161192,1.300962599,1096.0,1530.0,434.0,900–1099,,,,,True,False,3.0,True,False,False,True,True,1272.0,1463.0,3,1,0,0,1272;1362;1463,en.wikipedia.org/wiki/Norwich_Cathedral,http://www.openstreetmap.org/relation/1821753,,"damaged by riots (1272), spire collapsed (1362), lightening in spire (1463)"
1832902.0,Duomo di Massa,Massa,it,44.03783885,10.14405014,1477.0,1600.0,123.0,1300–1500,,,,,True,True,,,,,,,,,0,0,0,0,,it.wikipedia.org/wiki/Duomo_di_Massa,http://www.openstreetmap.org/relation/1832902,,
184144477.0,Cattedrale di Santa Maria Assunta,Frosinone,it,41.63967986,13.35243705,700.0,1200.0,500.0,700–899,,,,,True,True,,,,,,,,,0,0,0,0,,it.wikipedia.org/wiki/Cattedrale_di_Santa_Maria_Assunta_(Frosinone),http://www.openstreetmap.org/way/184144477,,
185548871.0,Cattedrale di Avellino,Avellino,it,40.91528043,14.79715059,1132.0,1166.0,34.0,1100–1299,,,,,True,True,,,,,,,,,0,0,0,0,,it.wikipedia.org/wiki/Cattedrale_di_Avellino,http://www.openstreetmap.org/way/185548871,,
193757656.0,Cattedrale di San Nicolò,Nicosia,it,37.74772442,14.39830386,1280.0,1340.0,60.0,1100–1299,,,,,True,True,,,,,,,,,0,0,0,0,,it.wikipedia.org/wiki/Cattedrale_di_Nicosia,http://www.openstreetmap.org/way/193757656,,
196487168.0,Dom Peter und Paul,Zeitz,de,51.05064567,12.12626193,900.0,1250.0,350.0,900–1099,,,,,True,True,,,,,,,,,0,0,0,0,,de.wikipedia.org/wiki/Zeitzer_Dom,http://www.openstreetmap.org/way/196487168,"st peter (900), st paul (900)",no (N/A)
198384837.0,Santa Maria Assunta nella Cattedrale,Catanzaro,it,38.9048436,16.59198874,1120.0,1150.0,30.0,1100–1299,,,,,True,True,,,,,,,,,0,0,0,0,,it.wikipedia.org/wiki/Cattedrale_di_Catanzaro,http://www.openstreetmap.org/way/198384837,,
199802962.0,Cathédrale Notre-Dame de Grâce,Cambrai,fr,50.17213683,3.233409841,1054.0,1703.0,649.0,900–1099,,,,,True,True,1.0,False,True,False,False,False,1145.0,1145.0,1,0,1,0,1145,fr.wikipedia.org/wiki/Cathédrale_Notre-Dame_de_Grâce_de_Cambrai,http://www.openstreetmap.org/way/199802962,mary (1200),fire (1145)
201611261.0,Cathédrale Notre-Dame de Paris,Paris,fr,48.85297272,2.349910456,1160.0,1345.0,185.0,1100–1299,6878.0,35.0,240730.0,240730.0,True,True,,,,,,,,,0,0,0,0,,fr.wikipedia.org/wiki/Cathédrale_Notre-Dame_de_Paris,http://www.openstreetmap.org/way/201611261,mary (700),no (N/A)
201681493.0,Cattedrale di San Michele Arcangelo,Caserta,it,41.07376512,14.33365077,1113.0,1300.0,187.0,1100–1299,,,,,True,True,,,,,,,,,0,0,0,0,,it.wikipedia.org/wiki/Duomo_di_Casertavecchia,http://www.openstreetmap.org/way/201681493,,
20470246.0,Aachener Dom,Aachen,de,50.77474896,6.083917582,796.0,1355.0,559.0,700–899,,,,,True,True,1.0,True,False,False,False,False,881.0,881.0,1,1,0,0,881,de.wikipedia.org/wiki/Aachener_Dom,http://www.openstreetmap.org/way/20470246,mary (805),damaged by vikings (881)
204729664.0,Duomo di Crema,Crema,it,45.36316892,9.687249002,500.0,1390.0,890.0,700–899,,,,,True,True,1.0,True,False,False,False,False,1159.0,1159.0,1,1,0,0,1159,it.wikipedia.org/wiki/Duomo_di_Crema,http://www.openstreetmap.org/way/204729664,,
2052246.0,Dom St. Stephanus und St. Sixtus,Halberstadt,de,51.89606919,11.04893633,1236.0,1491.0,255.0,1100–1299,2800.0,27.0,75600.0,75600.0,True,False,1.0,False,False,False,False,True,965.0,965.0,0,0,0,0,965,de.wikipedia.org/wiki/Dom_zu_Halberstadt,http://www.openstreetmap.org/relation/2052246,"st stephen (850), st sixtus (850)",collapsed (965)
208138204.0,Cattedrale di San Lorenzo,Tivoli,it,41.96565391,12.79710268,470.0,1300.0,830.0,700–899,,,,,True,True,,,,,,,,,0,0,0,0,,it.wikipedia.org/wiki/Duomo_di_Tivoli,http://www.openstreetmap.org/way/208138204,,
208786035.0,Cattedrale di San Clemente,Velletri,it,41.68298558,12.77680841,400.0,1300.0,900.0,700–899,,,,,True,True,,,,,,,,,0,0,0,0,,it.wikipedia.org/wiki/Cattedrale_di_San_Clemente_(Velletri),http://www.openstreetmap.org/way/208786035,,
216723333.0,Cattedrale di San Lorenzo,Amalfi,it,40.65351097,14.60820539,950.0,1225.0,275.0,900–1099,,,,,True,True,,,,,,,,,0,0,0,0,,https://it.wikipedia.org/wiki/Duomo_di_Amalfi,http://www.openstreetmap.org/way/216723333,,
217467945.0,Cattedrale di Santa Maria Assunta,Melfi,it,40.99679819,15.65857072,1076.0,1153.0,77.0,900–1099,,,,,True,True,,,,,,,,,0,0,0,0,,it.wikipedia.org/wiki/Cattedrale_di_Santa_Maria_Assunta_(Melfi),http://www.openstreetmap.org/way/217467945,,
219963004.0,Cathédrale de Sion,Sion,ch,46.23401379,7.3592436,700.0,1520.0,820.0,700–899,,,,,True,True,3.0,False,True,False,False,True,1010.0,1418.0,3,0,2,0,1010;1352;1418,fr.wikipedia.org/wiki/Cathédrale_Notre-Dame_de_Sion,http://www.openstreetmap.org/way/219963004,mary (1010),"fire (1010), fire (1352), damaged (1418)"
220099304.0,Cattedrale dei Santi Erasmo e Marciano e di Santa Maria Assunta,Gaeta,it,41.20886192,13.58689047,700.0,1256.0,556.0,700–899,,,,,True,True,1.0,False,False,True,False,False,1213.0,1213.0,1,0,0,1,1213,it.wikipedia.org/wiki/Cattedrale_dei_Santi_Erasmo_e_Marciano_e_di_Santa_Maria_Assunta,http://www.openstreetmap.org/way/220099304,,
224608409.0,St. Petri-Dom,Bremen,de,53.07548416,8.809108788,785.0,1102.0,317.0,700–899,,,,,True,True,,,,,,,,,0,0,0,0,,de.wikipedia.org/wiki/Bremer_Dom,http://www.openstreetmap.org/way/224608409,st peter (1041),no (N/A)
224967203.0,The Cathedral Church of Christ and the Blessed Mary the Virgin of Worcester,Worcester,uk,52.18864387,-2.220864791,700.0,1374.0,674.0,700–899,,,,,True,True,,,,,,,,,0,0,0,0,,en.wikipedia.org/wiki/Worcester_Cathedral,http://www.openstreetmap.org/way/224967203,"st peter (700), st paul (700), christ (1000)","no (N/A), mary (1000)"
226990052.0,Cattedrale San Giuseppe,Vasto,it,42.11188548,14.71011162,1200.0,1300.0,100.0,1100–1299,,,,,True,True,,,,,,,,,0,0,0,0,,https://it.wikipedia.org/wiki/Duomo_di_Vasto,http://www.openstreetmap.org/way/226990052,,
22720153.0,Duomo di Arezzo,Arezzo,it,43.46705209,11.8834402,1278.0,1511.0,233.0,1100–1299,,,,,True,True,,,,,,,,,0,0,0,0,,en.wikipedia.org/wiki/Arezzo_Cathedral,http://www.openstreetmap.org/way/22720153,,
22764552.0,Dom zu Meißen,Meissen,de,51.16621207,13.47146001,970.0,1410.0,440.0,900–1099,,,,,True,True,,,,,,,,,0,0,0,0,,de.wikipedia.org/wiki/Meißner_Dom,http://www.openstreetmap.org/way/22764552,"st john baptist (970), st donatus (970)",no (N/A)
227783056.0,Cattedrale di San Panfilo,Sulmona,it,42.05395989,13.9204292,700.0,1120.0,420.0,700–899,,,,,True,True,1.0,False,False,True,False,False,1456.0,1456.0,0,0,0,0,1456,it.wikipedia.org/wiki/Cattedrale_di_San_Panfilo,http://www.openstreetmap.org/way/227783056,,
228398604.0,Cattedrale di Sancta Maria de Episcopio,"Benevento (Benevent, Bénévent)",it,41.13151604,14.77434375,600.0,1473.0,873.0,700–899,,,,,True,True,1.0,False,False,True,False,False,1456.0,1456.0,1,0,0,1,1456,it.wikipedia.org/wiki/Duomo_di_Benevento,http://www.openstreetmap.org/way/228398604,,
229049611.0,Cattedrale San Giuliano,Caltagirone,it,37.2371811,14.51258165,1090.0,1282.0,192.0,900–1099,,,,,True,True,,,,,,,,,0,0,0,0,,it.wikipedia.org/wiki/Cattedrale_di_San_Giuliano_(Caltagirone),http://www.openstreetmap.org/way/229049611,,
22945163.0,Cattedrale di Santa Maria Assunta,Pisa,it,43.72328668,10.39573267,1020.0,1140.0,120.0,900–1099,,,,,True,True,,,,,,,,,0,0,0,0,,it.wikipedia.org/wiki/Duomo_di_Pisa,http://www.openstreetmap.org/way/22945163,,
22993770.0,Magdeburger Dom,Magdeburg,de,52.12464594,11.63471199,1209.0,1520.0,311.0,1100–1299,4629.64038,32.0,148148.49216,148148.49216,True,True,1.0,False,True,False,False,False,1207.0,1207.0,0,0,0,0,1207,de.wikipedia.org/wiki/Magdeburger_Dom,http://www.openstreetmap.org/way/22993770,st maurice (937),fire (1207)
233181490.0,Cattedrale di San Gerlando,Agrigento,it,37.31400549,13.57641155,1087.0,1260.0,173.0,900–1099,,,,,True,False,1.0,False,False,False,False,True,1198.0,1198.0,1,0,0,0,1198,it.wikipedia.org/wiki/Cattedrale_di_San_Gerlando,http://www.openstreetmap.org/way/233181490,,
237751169.0,Cattedrale dei Santi Mariano e Giacomo,Gubbio,it,43.35367967,12.58008728,700.0,1340.0,640.0,700–899,,,,,True,True,,,,,,,,,0,0,0,0,,it.wikipedia.org/wiki/Duomo_di_Gubbio,http://www.openstreetmap.org/way/237751169,,
241473411.0,Basilica Cattedrale di Santa Maria Assunta e San Berardo,Teramo,it,42.65861938,13.70335049,1158.0,1335.0,177.0,1100–1299,,,,,True,True,,,,,,,,,0,0,0,0,,it.wikipedia.org/wiki/Duomo_di_Teramo,http://www.openstreetmap.org/way/241473411,,
242711512.0,Duomo di Treviso,Treviso,it,45.66636078,12.24309244,500.0,1200.0,700.0,700–899,,,,,True,True,,,,,,,,,0,0,0,0,,it.wikipedia.org/wiki/Duomo_di_Treviso,http://www.openstreetmap.org/way/242711512,,
24276160.0,Dom,"Luebeck (Lübeck), see also Old-Luebeck",de,53.86089854,10.68572755,1173.0,1400.0,227.0,1100–1299,,,,,True,True,,,,,,,,,0,0,0,0,,de.wikipedia.org/wiki/Lübecker_Dom,http://www.openstreetmap.org/way/24276160,"st john baptist (1173), st blasius (1173), mary (1173)",no (N/A)
242966968.0,Lincoln Cathedral,Lincoln,uk,53.23440945,-0.536172646502425,1192.0,1330.0,138.0,1100–1299,6000.0,25.0,150000.0,150000.0,True,True,2.0,False,True,True,False,False,1124.0,1185.0,0,0,0,0,1124;1185,en.wikipedia.org/wiki/Lincoln_Cathedral,http://www.openstreetmap.org/way/242966968,mary (1072),"roof in fire (1124), earthquake (1185)"
2472190.0,Duomo - Cattedrale di Santa Croce,Forli,it,44.22371996,12.0382533,1100.0,1650.0,550.0,1100–1299,,,,,True,True,,,,,,,,,0,0,0,0,,it.wikipedia.org/wiki/Cattedrale_di_Santa_Croce,http://www.openstreetmap.org/relation/2472190,,
24771505.0,Dom St. Stephan,Passau,de,48.57422224,13.46542622,720.0,1598.0,878.0,700–899,,,,,True,True,1.0,True,False,False,False,False,978.0,978.0,1,1,0,0,978,de.wikipedia.org/wiki/Dom_St._Stephan_(Passau),http://www.openstreetmap.org/way/24771505,st stephen (720),war 978 (N/A)
24883266.0,Basilica di San Lorenzo,Firenze,it,43.77487741,11.25403059,350.0,1490.0,1140.0,700–899,,,,,True,True,,,,,,,,,0,0,0,0,,it.wikipedia.org/wiki/Basilica_di_San_Lorenzo_(Firenze),http://www.openstreetmap.org/way/24883266,,
25055228.0,Cathédrale Saint-Julien,Le Mans,fr,48.00923064,0.198739359727441,1139.0,1423.0,284.0,1100–1299,5118.50101,33.0,168910.53333,168910.53333,True,True,1.0,False,True,False,False,False,1134.0,1134.0,0,0,0,0,1134,fr.wikipedia.org/wiki/Cathédrale_Saint-Julien_du_Mans,http://www.openstreetmap.org/way/25055228,st julian (700),fire (1134)
253313954.0,Duomo,Ravenna,it,44.41535017,12.19701801,402.0,407.0,5.0,700–899,,,,,True,True,,,,,,,,,0,0,0,0,,it.wikipedia.org/wiki/Duomo_di_Ravenna,http://www.openstreetmap.org/way/253313954,,
254810647.0,Concattedrale dell'Immacolata Concezione,Bosa,it,40.29509398,8.503984774,1100.0,1500.0,400.0,1100–1299,,,,,True,True,,,,,,,,,0,0,0,0,,it.wikipedia.org/wiki/Concattedrale_dell'Immacolata_Concezione,http://www.openstreetmap.org/way/254810647,,
25529590.0,Schweriner Dom St. Maria und St. Johannes,Schwerin,de,53.62969693,11.41455673,1171.0,1246.0,75.0,1100–1299,3200.0,27.0,86400.0,86400.0,True,True,,,,,,,,,0,0,0,0,,de.wikipedia.org/wiki/Schweriner_Dom,http://www.openstreetmap.org/way/25529590,"mary (1171), st john baptist (1171)",no (N/A)
255378538.0,Dom,Paderborn,de,51.7189637,8.755867056,800.0,1250.0,450.0,700–899,,,,,True,True,2.0,False,True,False,False,False,1000.0,1133.0,2,0,2,0,1000;1133,de.wikipedia.org/wiki/Paderborner_Dom,http://www.openstreetmap.org/way/255378538,"mary (800), st kilian (800), st ulrich (1000)","fire (1000), fire (1133)"
25718547.0,Cathédrale Notre-Dame de Lausanne,Lausanne,ch,46.52257834,6.635352703,600.0,1268.0,668.0,700–899,,,,,True,True,,,,,,,,,0,0,0,0,,fr.wikipedia.org/wiki/Cathédrale_de_Lausanne,http://www.openstreetmap.org/way/25718547,mary (1275),no (N/A)
260816263.0,Cathédrale Sainte-Cécile d'Albi,Albi,fr,43.92847901,2.142615086,850.0,1397.0,547.0,700–899,,,,,True,True,,,,,,,,,0,0,0,0,,fr.wikipedia.org/wiki/Cathédrale_Sainte-Cécile_d'Albi,http://www.openstreetmap.org/way/260816263,st cecilia (850),no (N/A)
26150815.0,Kiliansdom,Wuerzburg(Würzburg),de,49.79340745,9.932402137,750.0,1075.0,325.0,700–899,,,,,True,True,2.0,False,True,False,False,False,854.0,1039.0,2,0,2,0,854;1039,de.wikipedia.org/wiki/Würzburger_Dom,http://www.openstreetmap.org/way/26150815,"christ (750), st kilian (855), st andreas (1040)","fire (854), fire (1039)"
26165742.0,Dom zu Speyer,Speyer,de,49.31722054,8.442451828,1030.0,1106.0,76.0,900–1099,6017.28005,33.0,198570.24165,198570.24165,True,True,,,,,,,,,0,0,0,0,,de.wikipedia.org/wiki/Speyerer_Dom,http://www.openstreetmap.org/way/26165742,"mary (1030), st stephen (1030)",no (N/A)
264887600.0,Cathédrale de la Major,Marseille,fr,43.29981417,5.364907138,700.0,1200.0,500.0,700–899,,,,,True,True,,,,,,,,,0,0,0,0,,fr.wikipedia.org/wiki/Cathédrale_Sainte-Marie-Majeure_de_Marseille,http://www.openstreetmap.org/way/264887600,mary (700),no (N/A)
26769986.0,Basilique Saint-Nazaire,Carcassonne,fr,43.2052531,2.362885391,700.0,1329.0,629.0,700–899,,,,,True,True,,,,,,,,,0,0,0,0,,fr.wikipedia.org/wiki/Église_Saint-Nazaire_de_Carcassonne,http://www.openstreetmap.org/way/26769986,st nazaire (700),no (N/A)
26844628.0,Dom Sankt Peter,Osnabrueck (Osnabrück),de,52.27741082,8.044916761,770.0,1500.0,730.0,700–899,,,,,True,True,2.0,True,True,False,False,False,880.0,1254.0,2,1,1,0,880;1254,de.wikipedia.org/wiki/Dom_St._Peter_(Osnabrück),http://www.openstreetmap.org/way/26844628,st peter (800),"damaged by vikings (880), partly damaged by fire (1254)"
27099694.0,Cathédrale Saint-Dié,St Die (Saint-Dié-des-Vosges),fr,48.28903153,6.950773793,700.0,1800.0,1100.0,700–899,,,,,True,True,,,,,,,,,0,0,0,0,,fr.wikipedia.org/wiki/Cathédrale_Saint-Dié_de_Saint-Dié-des-Vosges,http://www.openstreetmap.org/way/27099694,st die (700),no (N/A)
272804945.0,Cathédrale Saint-Pierre,Montpellier,fr,43.61332756,3.874032697,1364.0,1368.0,4.0,1300–1500,,,,,True,True,,,,,,,,,0,0,0,0,,fr.wikipedia.org/wiki/Cathédrale_Saint-Pierre_de_Montpellier,http://www.openstreetmap.org/way/272804945,st peter (1364),no (N/A)
273360279.0,Dom zu Eichstätt,Eichstaett (Eichstätt),de,48.89185084,11.18349665,740.0,1400.0,660.0,700–899,,,,,True,True,1.0,True,False,False,False,False,980.0,980.0,1,1,0,0,980,de.wikipedia.org/wiki/Dom_zu_Eichstätt,http://www.openstreetmap.org/way/273360279,"mary (800), st willibald (980)",damaged by mayars (980)
274874951.0,Cattedrale di Santa Maria Assunta,Saluzzo,it,44.64486196,7.493203537,1491.0,1501.0,10.0,1300–1500,,,,,True,True,,,,,,,,,0,0,0,0,,it.wikipedia.org/wiki/Duomo_di_Saluzzo,http://www.openstreetmap.org/way/274874951,,
2754121.0,Basilica Sancti Petri,Roma,it,41.90215364,12.45374037,319.0,354.0,35.0,700–899,,,,,True,True,,,,,,,,,0,0,0,0,,en.wikipedia.org/wiki/St._Peter's_Basilica,http://www.openstreetmap.org/relation/2754121,,
27561299.0,"Duomo di Bolzano - Pfarrkirche Bozen (\Dom\"""")""""",Bolzano,it,46.49753141,11.35399284,300.0,1519.0,1219.0,700–899,,,,,True,True,,,,,,,,,0,0,0,0,,it.wikipedia.org/wiki/Duomo_di_Bolzano,http://www.openstreetmap.org/way/27561299,,
27626748.0,Duomo di Milano,Milano,it,45.46418266,9.191602528,320.0,1965.0,1645.0,700–899,,,,,True,True,1.0,False,True,False,False,False,1075.0,1075.0,1,0,1,0,1075,it.wikipedia.org/wiki/Duomo_di_Milano,http://www.openstreetmap.org/way/27626748,,
28021345.0,Canterbury Cathedral,Canterbury,uk,51.27990168,1.082770845,1070.0,1420.0,350.0,900–1099,6402.355287,27.0,172863.592749,172863.592749,True,True,1.0,False,True,False,False,False,1174.0,1174.0,1,0,1,0,1174,en.wikipedia.org/wiki/Canterbury_Cathedral,http://www.openstreetmap.org/way/28021345,christ (700),fire (1174)
28230540.0,Exeter Cathedral,Exeter,uk,50.72249727,-3.529816828,1133.0,1380.0,247.0,1100–1299,3810.278425,21.0,80015.846925,80015.846925,True,True,,,,,,,,,0,0,0,0,,en.wikipedia.org/wiki/Exeter_Cathedral,http://www.openstreetmap.org/way/28230540,st peter (1000),no (N/A)
28233134.0,Duomo di Messina,Messina,it,38.19223509,15.55529949,500.0,1280.0,780.0,700–899,,,,,True,True,1.0,False,True,False,False,False,1254.0,1254.0,1,0,1,0,1254,it.wikipedia.org/wiki/Duomo_di_Messina,http://www.openstreetmap.org/way/28233134,,
28379422.0,Cathédrale Saint-Pierre-et-Saint-Paul,Nantes,fr,47.21837708,-1.550192363,1430.0,1536.0,106.0,1300–1500,4435.139866,38.0,168535.31490800003,168535.31490800003,True,True,1.0,False,True,False,False,False,919.0,919.0,0,0,0,0,919,fr.wikipedia.org/wiki/Cathédrale_Saint-Pierre-et-Saint-Paul_de_Nantes,http://www.openstreetmap.org/way/28379422,"st peter (700), st paul (700)",fire (919)
28525182.0,Cattedrale Madonna del Ponte,Lanciano,it,42.23060753,14.39117524,1300.0,1400.0,100.0,1300–1500,,,,,True,True,,,,,,,,,0,0,0,0,,it.wikipedia.org/wiki/Cattedrale_della_Madonna_del_Ponte,http://www.openstreetmap.org/way/28525182,,
285990663.0,Cattedrale di San Nicola,Sassari,it,40.72672463,8.558452198,500.0,1200.0,700.0,700–899,,,,,True,True,,,,,,,,,0,0,0,0,,it.wikipedia.org/wiki/Cattedrale_di_San_Nicola_(Sassari),http://www.openstreetmap.org/way/285990663,,
28708890.0,Duomo Di Modena,Modena,it,44.64631015,10.92554413,400.0,1455.0,1055.0,700–899,,,,,True,True,,,,,,,,,0,0,0,0,,it.wikipedia.org/wiki/Duomo_di_Modena,http://www.openstreetmap.org/way/28708890,,
28750371.0,York Minster,York,uk,53.9622666,-1.08205172,1220.0,1472.0,252.0,1100–1299,7000.0,30.0,210000.0,210000.0,True,True,1.0,True,False,False,False,False,1075.0,1075.0,0,0,0,0,1075,en.wikipedia.org/wiki/York_Minster,http://www.openstreetmap.org/way/28750371,st peter (700),danes (1075)
28871727.0,Dom Sankt Peter und Paul,Naumburg (Naumburg (Saale)),de,51.1545909,11.80387905,1029.0,1242.0,213.0,900–1099,,,,,True,True,,,,,,,,,0,0,0,0,,de.wikipedia.org/wiki/Naumburger_Dom,http://www.openstreetmap.org/way/28871727,"st peter (1029), st paul (1029)",no (N/A)
292443318.0,Basilica Cattedrale di Santa Maria Assunta,Lodi,it,45.31433191,9.503226044,1158.0,1284.0,126.0,1100–1299,,,,,True,True,,,,,,,,,0,0,0,0,,it.wikipedia.org/wiki/Duomo_di_Lodi,http://www.openstreetmap.org/way/292443318,,
294085338.0,San Tommaso Apostolo,Ortona a Mare,it,42.35725209,14.40446789,700.0,1127.0,427.0,700–899,,,,,True,True,,,,,,,,,0,0,0,0,,it.wikipedia.org/wiki/Basilica_di_San_Tommaso_Apostolo,http://www.openstreetmap.org/way/294085338,,
297526685.0,Cattedrale di Maria Santissima Achiropita,Rossano,it,39.57503507,16.63555386,1000.0,1100.0,100.0,900–1099,,,,,True,True,,,,,,,,,0,0,0,0,,it.wikipedia.org/wiki/Cattedrale_di_Maria_Santissima_Achiropita,http://www.openstreetmap.org/way/297526685,,
302442175.0,Cattedrale San Pietro Apostolo,Isernia,it,41.58992632,14.22669063,700.0,1700.0,1000.0,700–899,,,,,True,True,,,,,,,,,0,0,0,0,,it.wikipedia.org/wiki/Cattedrale_di_San_Pietro_Apostolo_(Isernia),http://www.openstreetmap.org/way/302442175,,
30447530.0,Cathédrale Saint-Pierre,Rennes,fr,48.11157595,-1.683382087,700.0,1200.0,500.0,700–899,,,,,True,False,1.0,False,False,False,False,True,1490.0,1490.0,0,0,0,0,1490,fr.wikipedia.org/wiki/Cathédrale_Saint-Pierre_de_Rennes,http://www.openstreetmap.org/way/30447530,st peter (700),collapsed largely (1490)
304949473.0,Cattedrale di Maria Santissima delle Vittorie,Piazza Armerina,it,37.38480567,14.36427847,1080.0,1500.0,420.0,900–1099,,,,,True,True,,,,,,,,,0,0,0,0,,it.wikipedia.org/wiki/Cattedrale_di_Piazza_Armerina,http://www.openstreetmap.org/way/304949473,,
307562014.0,Cattedrale di Santa Maria Assunta,Novara,it,45.44566096,8.619879249,350.0,1320.0,970.0,700–899,,,,,True,True,,,,,,,,,0,0,0,0,,it.wikipedia.org/wiki/Duomo_di_Novara,http://www.openstreetmap.org/way/307562014,,
30791982.0,Cattedrale di San Vigilio,Trento,it,46.06691042,11.12154559,500.0,1321.0,821.0,700–899,,,,,True,True,,,,,,,,,0,0,0,0,,it.wikipedia.org/wiki/Cattedrale_di_San_Vigilio,http://www.openstreetmap.org/way/30791982,,
309089736.0,Cathédrale Notre-Dame,Amiens,fr,49.89458592,2.302071201,1220.0,1499.0,279.0,1100–1299,7215.0,42.0,303030.0,303030.0,True,True,3.0,False,True,False,False,False,1019.0,1218.0,0,0,0,0,1019;1107;1218,fr.wikipedia.org/wiki/Cathédrale_Notre-Dame_d'Amiens,http://www.openstreetmap.org/way/309089736,"st peter (700), st paul (700), mary (1019)","fire (1019), fire (1107), fire (1218)"
309609162.0,Cattedrale di San Bartolomeo,Patti,it,38.13817308,14.96401396,1082.0,1094.0,12.0,900–1099,,,,,True,True,,,,,,,,,0,0,0,0,,it.wikipedia.org/wiki/Basilica_cattedrale_di_San_Bartolomeo,http://www.openstreetmap.org/way/309609162,,
31437077.0,Duomo vecchio,Brescia,it,45.5382136,10.22172832,601.0,1200.0,599.0,700–899,,,,,True,True,,,,,,,,,0,0,0,0,,it.wikipedia.org/wiki/Duomo_vecchio,http://www.openstreetmap.org/way/31437077,,
315314191.0,Chiesa di Santa Maria Maggiore e San Leoluca,Vibo Valentia,it,38.6773114,16.10704695,800.0,1723.0,923.0,700–899,,,,,True,True,,,,,,,,,0,0,0,0,,https://it.wikipedia.org/wiki/Chiesa_di_Santa_Maria_Maggiore_e_San_Leoluca,http://www.openstreetmap.org/way/315314191,,
32460887.0,Cathédrale Saint-Jean,Besancon,fr,47.23368199,6.030399791,700.0,1250.0,550.0,700–899,,,,,True,True,1.0,False,True,False,False,False,1212.0,1212.0,1,0,1,0,1212,fr.wikipedia.org/wiki/Cathédrale_Saint-Jean_de_Besançon,http://www.openstreetmap.org/way/32460887,st john apostle (700),partly damaged by fire (1212)
325434925.0,Cattedrale di San Pietro,Bologna,it,44.49573761,11.34339695,906.0,1184.0,278.0,900–1099,,,,,True,True,2.0,False,True,True,False,False,1122.0,1141.0,2,0,1,1,1122;1141,it.wikipedia.org/wiki/Cattedrale_di_San_Pietro_(Bologna),http://www.openstreetmap.org/way/325434925,,
32694789.0,Cathédrale Saint-Étienne,Metz,fr,49.12021609,6.175645601,1200.0,1359.0,159.0,1100–1299,4950.0,42.0,207900.0,207900.0,True,True,,,,,,,,,0,0,0,0,,fr.wikipedia.org/wiki/Cathédrale_Saint-Étienne_de_Metz,http://www.openstreetmap.org/way/32694789,st stephen (700),no (N/A)
334063705.0,Cattedrale di Santo Stefano e Santa Maria Assunta,Pavia,it,45.1846025,9.153372093,900.0,1885.0,985.0,900–1099,,,,,True,True,,,,,,,,,0,0,0,0,,it.wikipedia.org/wiki/Duomo_di_Pavia,http://www.openstreetmap.org/way/334063705,,
33492308.0,Domkerk,Utrecht,nl,52.09085531,5.122413459,1254.0,1517.0,263.0,1100–1299,4000.0,32.0,128000.0,128000.0,True,True,3.0,True,True,False,False,False,857.0,1253.0,0,0,0,0,857;1017;1253,nl.wikipedia.org/wiki/Dom_van_Utrecht,http://www.openstreetmap.org/way/33492308,st martin (700),"vikings (857), fire (1017), fire (1253)"
33695011.0,Cathédrale Notre-Dame,Grenoble,fr,45.19260608,5.732080174,1000.0,1500.0,500.0,900–1099,,,,,True,True,,,,,,,,,0,0,0,0,,fr.wikipedia.org/wiki/Cathédrale_Notre-Dame_de_Grenoble,http://www.openstreetmap.org/way/33695011,mary (1000),no (N/A)
338822833.0,Cattedrale di San Giorgio Martire,Ferrara,it,44.83558892,11.62031499,1113.0,1493.0,380.0,1100–1299,,,,,True,True,,,,,,,,,0,0,0,0,,it.wikipedia.org/wiki/Cattedrale_di_San_Giorgio_(Ferrara),http://www.openstreetmap.org/way/338822833,,
34225394.0,Basilica Cattedrale del Santissimo Salvatore,Mazzara (Mazara del Vallo),it,37.65112346,12.59044858,1086.0,1093.0,7.0,900–1099,,,,,True,True,,,,,,,,,0,0,0,0,,it.wikipedia.org/wiki/Cattedrale_del_Santissimo_Salvatore_(Mazara_del_Vallo),http://www.openstreetmap.org/way/34225394,,
351261994.0,Cathédrale Saint-Vincent,St Malo (Saint-Malo),fr,48.64948738,-2.025576664,800.0,1631.0,831.0,700–899,,,,,True,True,,,,,,,,,0,0,0,0,,fr.wikipedia.org/wiki/Cathédrale_Saint-Vincent_de_Saint-Malo,http://www.openstreetmap.org/way/351261994,st vincent (800),no (N/A)
35316357.0,Cathédrale Saint-Étienne,Toulouse,fr,43.59989147,1.450485947,1120.0,1600.0,480.0,1100–1299,4530.0,28.0,126840.0,126840.0,True,True,,,,,,,,,0,0,0,0,,fr.wikipedia.org/wiki/Cathédrale_Saint-Étienne_de_Toulouse,http://www.openstreetmap.org/way/35316357,st stephen (1071),no (N/A)
35316357.0,Cathédrale Saint-Étienne,Toulouse,fr,43.59989147,1.450485947,1071.0,1100.0,29.0,900–1099,1600.0,20.0,32000.0,32000.0,True,True,,,,,,,,,0,0,0,0,,fr.wikipedia.org/wiki/Cathédrale_Saint-Étienne_de_Toulouse,http://www.openstreetmap.org/way/35316357,st stephen (1071),no (N/A)
3541088.0,Cathédrale Notre-Dame,Strasbourg (Strassburg),fr,48.58184001,7.750923358,1176.0,1439.0,263.0,1100–1299,5986.050552,31.0,185567.567112,185567.567112,True,True,,,,,,,,,0,0,0,0,,fr.wikipedia.org/wiki/Cathédrale_Notre-Dame_de_Strasbourg,http://www.openstreetmap.org/relation/3541088,,
35415826.0,Cattedrale di San Lorenzo,Genova,it,44.4076216,8.931460515,500.0,1500.0,1000.0,700–899,,,,,True,True,1.0,False,True,False,False,False,1296.0,1296.0,1,0,1,0,1296,it.wikipedia.org/wiki/Cattedrale_di_San_Lorenzo_(Genova),http://www.openstreetmap.org/way/35415826,,
3584722.0,Durham Cathedral,Durham,uk,54.77327372,-1.576696345,998.0,1240.0,242.0,900–1099,,,,,True,True,,,,,,,,,0,0,0,0,,en.wikipedia.org/wiki/Durham_Cathedral,http://www.openstreetmap.org/relation/3584722,"mary (998), st cuthbert (998)",no (N/A)
362343255.0,Cattedrale di San Lorenzo,Alba,it,44.70073491,8.03662175,500.0,1517.0,1017.0,700–899,,,,,True,True,,,,,,,,,0,0,0,0,,it.wikipedia.org/wiki/Duomo_di_Alba,http://www.openstreetmap.org/way/362343255,,
36393775.0,Hereford Cathedral,Hereford,uk,52.05428849,-2.71603231,700.0,1400.0,700.0,700–899,,,,,True,True,1.0,True,False,False,False,False,1056.0,1056.0,1,1,0,0,1056,en.wikipedia.org/wiki/Hereford_Cathedral,http://www.openstreetmap.org/way/36393775,"mary (700), st ethelbert (700)",pludered (1056)
36444.0,Basilica di San Giovanni in Laterano,Roma,it,41.8854806,12.50566819,400.0,1320.0,920.0,700–899,,,,,True,True,,,,,,,,,0,0,0,0,,it.wikipedia.org/wiki/Basilica_di_San_Giovanni_in_Laterano,http://www.openstreetmap.org/relation/36444,,
364525182.0,Cattedrale di San Donato,Mondovi (Mondovì),it,44.38970769,7.829299329,1100.0,1200.0,100.0,1100–1299,,,,,True,True,,,,,,,,,0,0,0,0,,it.wikipedia.org/wiki/Cattedrale_di_San_Donato_(Mondovì),http://www.openstreetmap.org/way/364525182,,
364927723.0,Cattedrale dei Santi Stefano ed Agata,Capua,it,41.10909344,14.21074408,500.0,1500.0,1000.0,700–899,,,,,True,True,,,,,,,,,0,0,0,0,,https://www.weagoo.com/it/card/12567/cattedrale-dei-santi-stefano-ed-agata,http://www.openstreetmap.org/way/364927723,,
3656786.0,San Giustino,Chieti,it,42.3513855,14.166842,500.0,1069.0,569.0,700–899,,,,,True,True,,,,,,,,,0,0,0,0,,https://it.wikipedia.org/wiki/Cattedrale_di_San_Giustino,http://www.openstreetmap.org/relation/3656786,,
36684626.0,Cattedrale di San Giusto,Trieste,it,45.64653754,13.77249589,400.0,1320.0,920.0,700–899,,,,,True,True,,,,,,,,,0,0,0,0,,it.wikipedia.org/wiki/Cattedrale_di_San_Giusto_(Trieste),http://www.openstreetmap.org/way/36684626,,
36686387.0,Duomo Cattedrale Santa Maria Maggiore,Udine,it,46.06251167,13.2372618,1236.0,1420.0,184.0,1100–1299,,,,,True,True,1.0,False,False,True,False,False,1348.0,1348.0,1,0,0,1,1348,it.wikipedia.org/wiki/Cattedrale_di_Udine,http://www.openstreetmap.org/way/36686387,,
36689922.0,Cathédrale Saint-Louis,Blois,fr,47.58847443,1.336467039,1100.0,1200.0,100.0,1100–1299,,,,,True,True,,,,,,,,,0,0,0,0,,fr.wikipedia.org/wiki/Cathédrale_Saint-Louis_de_Blois,http://www.openstreetmap.org/way/36689922,"st solenne (1100), st louis (1544)",no (N/A)
368742685.0,Santi Giovanni e Reparata,Lucca,it,43.84114343,10.50458548,800.0,1200.0,400.0,700–899,,,,,True,True,,,,,,,,,0,0,0,0,,it.wikipedia.org/wiki/Chiesa_dei_Santi_Giovanni_e_Reparata,http://www.openstreetmap.org/way/368742685,,
369161987.0,St Paul's Cathedral,London,uk,51.51377375,-0.098479049764056,700.0,1314.0,614.0,700–899,,,,,True,True,1.0,False,True,False,False,False,1087.0,1087.0,1,0,1,0,1087,en.wikipedia.org/wiki/St_Paul's_Cathedral,http://www.openstreetmap.org/way/369161987,st paul (700),fire (1087)
36994753.0,Cattedrale di San Rufino,Assisi,it,43.07039437,12.61780313,700.0,1253.0,553.0,700–899,,,,,True,True,,,,,,,,,0,0,0,0,,it.wikipedia.org/wiki/Cattedrale_di_San_Rufino,http://www.openstreetmap.org/way/36994753,,
380736106.0,San Lorenzo,Viterbo,it,42.41525556,12.10093451,800.0,1181.0,381.0,700–899,,,,,True,True,,,,,,,,,0,0,0,0,,it.wikipedia.org/wiki/Cattedrale_di_San_Lorenzo_(Viterbo),http://www.openstreetmap.org/way/380736106,,
383705165.0,Duomo di San Cataldo,Taranto,it,40.47605638,17.22859257,960.0,1300.0,340.0,900–1099,,,,,True,True,,,,,,,,,0,0,0,0,,it.wikipedia.org/wiki/Cattedrale_di_San_Cataldo,http://www.openstreetmap.org/way/383705165,,
38523691.0,Duomo,Mantua,it,45.1608325,10.79755988,600.0,1401.0,801.0,700–899,,,,,True,True,,,,,,,,,0,0,0,0,,it.wikipedia.org/wiki/Duomo_di_Mantova,http://www.openstreetmap.org/way/38523691,,
38612480.0,Cathédrale Saint-Étienne,Cahors,fr,44.44729842,1.442987556,700.0,1320.0,620.0,700–899,,,,,True,True,,,,,,,,,0,0,0,0,,fr.wikipedia.org/wiki/Cathédrale_Saint-Étienne_de_Cahors,http://www.openstreetmap.org/way/38612480,st stephen (700),no (N/A)
38694157.0,Llandaff Cathedral,Cardiff,uk,51.49574639,-3.217849141,900.0,1200.0,300.0,900–1099,,,,,True,True,1.0,True,False,False,False,False,1400.0,1400.0,0,0,0,0,1400,en.wikipedia.org/wiki/Llandaff_Cathedral,http://www.openstreetmap.org/way/38694157,"st peter (900), st paul (900)",damage during rebellion (1400)
387943472.0,Catedrale,Caltabellotta,it,37.5789709,13.21913279,1090.0,1110.0,20.0,900–1099,,,,,True,True,,,,,,,,,0,0,0,0,,https://www.distrettoturisticoselinuntino.it/en/a.cfm?id=399,http://www.openstreetmap.org/way/387943472,,
39704141.0,Cathédrale de la Nativité de Notre-Dame,Noyon,fr,49.5821649,3.000727581,1145.0,1295.0,150.0,1100–1299,5898.0,23.0,135654.0,135654.0,True,True,2.0,True,True,False,False,False,859.0,1131.0,0,0,0,0,859;1131,fr.wikipedia.org/wiki/Cathédrale_Notre-Dame_de_Noyon,http://www.openstreetmap.org/way/39704141,mary (700),"vikings (859), fire (1131)"
39706996.0,Cathédrale Notre-Dame et Saint-Castor,Nimes (Nîmes),fr,43.83834723,4.360420553,700.0,1096.0,396.0,700–899,,,,,True,True,,,,,,,,,0,0,0,0,,fr.wikipedia.org/wiki/Cathédrale_Notre-Dame-et-Saint-Castor_de_Nîmes,http://www.openstreetmap.org/way/39706996,"mary (700), st castor (700)",no (N/A)
397737238.0,Cathédrale Saint-Pierre,"Geneve (Geneva, Genf)",ch,46.20110486,6.148508233,600.0,1225.0,625.0,700–899,,,,,True,True,1.0,False,True,False,False,False,1350.0,1350.0,0,0,0,0,1350,fr.wikipedia.org/wiki/Cathédrale_Saint-Pierre_de_Genève,http://www.openstreetmap.org/way/397737238,st peter (600),damaged by fires (14th c.)
398361496.0,Cattedrale di Santa Maria Assunta,Acerra,it,40.94336863,14.3727919,800.0,1300.0,500.0,700–899,,,,,True,True,,,,,,,,,0,0,0,0,,it.wikipedia.org/wiki/Cattedrale_di_Acerra,http://www.openstreetmap.org/way/398361496,,
3987276.0,Duomo di lecce,Lecce,it,40.351667,18.169444,1194.0,1250.0,56.0,1100–1299,,,,,True,True,,,,,,,,,0,0,0,0,,https://it.wikipedia.org/wiki/Duomo_di_Lecce,https://www.openstreetmap.org/relation/3987276,,
398955371.0,Concattedrale di Santa Maria Assunta+,Matelica,it,43.25757302,13.00835795,1350.0,1450.0,100.0,1300–1500,,,,,True,True,,,,,,,,,0,0,0,0,,it.wikipedia.org/wiki/Concattedrale_di_Santa_Maria_Assunta_(Matelica),http://www.openstreetmap.org/way/398955371,,
39962246.0,Dom Sankt Peter,Regensburg,de,49.01947413,12.09831063,1200.0,1221.0,21.0,1100–1299,3306.282838,32.0,105801.050816,105801.050816,True,True,1.0,False,True,False,False,False,1273.0,1273.0,0,0,0,0,1273,de.wikipedia.org/wiki/Regensburger_Dom,http://www.openstreetmap.org/way/39962246,st peter (700),fire (1273)
404759154.0,Cattedrale di Santa Maria Assunta,San Severo,it,41.68512626,15.38079197,1180.0,1200.0,20.0,1100–1299,,,,,True,True,,,,,,,,,0,0,0,0,,it.wikipedia.org/wiki/Cattedrale_di_Santa_Maria_Assunta_(San_Severo),http://www.openstreetmap.org/way/404759154,,
404813260.0,Basilica cattedrale di Santa Maria Assunta,Lucera,it,41.50807175,15.335066,900.0,1317.0,417.0,900–1099,,,,,True,True,1.0,True,False,False,False,False,1250.0,1250.0,1,1,0,0,1250,it.wikipedia.org/wiki/Basilica_cattedrale_di_Santa_Maria_Assunta_(Lucera),http://www.openstreetmap.org/way/404813260,,
405217578.0,Cattedrale di Foggia,Foggia,it,41.4635073,15.54386126,1089.0,1223.0,134.0,900–1099,,,,,True,True,,,,,,,,,0,0,0,0,,it.wikipedia.org/wiki/Cattedrale_di_Foggia,http://www.openstreetmap.org/way/405217578,,
40630875.0,Cathédrale Saint-Pierre et Saint-Paul,Poitiers,fr,46.58033672,0.349359291642663,700.0,1379.0,679.0,700–899,,,,,True,True,1.0,False,True,False,False,False,1018.0,1018.0,1,0,1,0,1018,fr.wikipedia.org/wiki/Cathédrale_Saint-Pierre_de_Poitiers,http://www.openstreetmap.org/way/40630875,st peter (700),fire (1018)
407428806.0,Cattedrale di Santa Maria Maggiore,Barletta,it,41.32050509,16.28621951,500.0,1267.0,767.0,700–899,,,,,True,True,1.0,True,False,False,False,False,862.0,862.0,1,1,0,0,862,it.wikipedia.org/wiki/Cattedrale_di_Barletta,http://www.openstreetmap.org/way/407428806,,
407824982.0,Cattedrale di San Nicola Pellegrino,Trani,it,41.28223537,16.41848388,400.0,1185.0,785.0,700–899,,,,,True,True,,,,,,,,,0,0,0,0,,it.wikipedia.org/wiki/Cattedrale_di_Trani,http://www.openstreetmap.org/way/407824982,,
409194289.0,Concattedrale di Bitonto,Bitonto,it,41.10633022,16.68976575,600.0,1114.0,514.0,700–899,,,,,True,True,,,,,,,,,0,0,0,0,,it.wikipedia.org/wiki/Concattedrale_di_Bitonto,http://www.openstreetmap.org/way/409194289,,
40967526.0,St.-Paulus-Dom,Muenster (Münster (Westfalen)),de,51.96306604,7.625786612,1225.0,1264.0,39.0,1100–1299,4331.349654,23.0,99621.04204199999,99621.04204199999,True,True,,,,,,,,,0,0,0,0,,de.wikipedia.org/wiki/St.-Paulus-Dom_(Münster),http://www.openstreetmap.org/way/40967526,"st ludger (800), st paulus (900)",no (N/A)
409920052.0,Cattedrale di Santa Maria Assunta,Conversano,it,40.96841224,17.1147544,500.0,1373.0,873.0,700–899,,,,,True,True,,,,,,,,,0,0,0,0,,it.wikipedia.org/wiki/Cattedrale_di_Conversano,http://www.openstreetmap.org/way/409920052,,
410903032.0,Cattedrale Santa Maria Assunta,Altamura,it,40.82741421,16.55280039,1232.0,1320.0,88.0,1100–1299,,,,,True,False,1.0,False,False,False,False,True,1316.0,1316.0,1,0,0,0,1316,it.wikipedia.org/wiki/Cattedrale_di_Santa_Maria_Assunta_(Altamura),http://www.openstreetmap.org/way/410903032,,
411138839.0,Cattedrale,Gravina (Gravina in Puglia),it,40.81744106,16.41356473,1080.0,1520.0,440.0,900–1099,,,,,True,True,2.0,False,True,True,False,False,1447.0,1456.0,2,0,1,1,1447;1456,https://it.wikipedia.org/wiki/Concattedrale_di_Santa_Maria_Assunta_(Gravina_in_Puglia),http://www.openstreetmap.org/way/411138839,,
41495874.0,Cathédrale Saint-Bénigne,Dijon,fr,47.32149274,5.03442645,700.0,1325.0,625.0,700–899,,,,,True,True,,,,,,,,,0,0,0,0,,fr.wikipedia.org/wiki/Cathédrale_Saint-Bénigne_de_Dijon,http://www.openstreetmap.org/way/41495874,st benignus (700),no (N/A)
416721530.0,Cattedrale di Santa Maria Assunta,Chioggia,it,45.21691515,12.27725435,700.0,1110.0,410.0,700–899,,,,,True,True,,,,,,,,,0,0,0,0,,it.wikipedia.org/wiki/Cattedrale_di_Chioggia,http://www.openstreetmap.org/way/416721530,,
417666624.0,Basilica cattedrale di Santa Maria Assunta,Nardo (Nardò),it,40.18000181,18.03045876,600.0,1400.0,800.0,700–899,,,,,True,True,,,,,,,,,0,0,0,0,,it.wikipedia.org/wiki/Basilica_cattedrale_di_Santa_Maria_Assunta_(Nardò),http://www.openstreetmap.org/way/417666624,,
41766672.0,Winchester Cathedral,Winchester,uk,51.06071794,-1.313285528,700.0,1500.0,800.0,700–899,,,,,True,True,,,,,,,,,0,0,0,0,,en.wikipedia.org/wiki/Winchester_Cathedral,http://www.openstreetmap.org/way/41766672,"st peter (700), st paul (700), st swithin (700)",no (N/A)
417998768.0,Cattedrale di San Sabino,Bari,it,41.12853896,16.86907751,500.0,1292.0,792.0,700–899,,,,,True,True,1.0,False,False,False,False,True,1156.0,1156.0,1,0,0,0,1156,it.wikipedia.org/wiki/Cattedrale_di_San_Sabino,http://www.openstreetmap.org/way/417998768,,
41871460.0,San Settimio,Iesi,it,43.52489589,13.24632916,900.0,1480.0,580.0,900–1099,,,,,True,True,,,,,,,,,0,0,0,0,,it.wikipedia.org/wiki/Duomo_di_Jesi,http://www.openstreetmap.org/way/41871460,,
422071903.0,Cattedrale di Santa Maria Assunta,Acqui Terme,it,44.67416919,8.471231738,1020.0,1490.0,470.0,900–1099,,,,,True,True,,,,,,,,,0,0,0,0,,it.wikipedia.org/wiki/Cattedrale_di_Santa_Maria_Assunta_(Acqui_Terme),http://www.openstreetmap.org/way/422071903,,
422354188.0,Duomo,Brindisi,it,40.64036413,17.94568312,1050.0,1143.0,93.0,900–1099,,,,,True,True,,,,,,,,,0,0,0,0,,it.wikipedia.org/wiki/Cattedrale_di_Brindisi,http://www.openstreetmap.org/way/422354188,,
423593733.0,Basilica Cattedrale di Santa Maria Assunta,Volterra,it,43.40177778,10.85900506,800.0,1120.0,320.0,700–899,,,,,True,True,1.0,False,False,True,False,False,1117.0,1117.0,1,0,0,1,1117,it.wikipedia.org/wiki/Duomo_di_Volterra,http://www.openstreetmap.org/way/423593733,,
425988640.0,Duomo di Cefalù,Cefalu (Cefalù),it,38.03984099,14.02356728,1131.0,1267.0,136.0,1100–1299,,,,,True,True,,,,,,,,,0,0,0,0,,it.wikipedia.org/wiki/Duomo_di_Cefalù,http://www.openstreetmap.org/way/425988640,,
426375841.0,Cattedrale S Giorgio Martire,Caccamo,it,37.93090355,13.66047244,1090.0,1480.0,390.0,900–1099,,,,,True,True,,,,,,,,,0,0,0,0,,https://it.wikipedia.org/wiki/Duomo_di_San_Giorgio_Martire_(Caccamo),http://www.openstreetmap.org/way/426375841,,
428452003.0,Cattedrale di Santo Stefano,Biella,it,45.56609355,8.053756768,1000.0,1803.0,803.0,900–1099,,,,,True,True,,,,,,,,,0,0,0,0,,it.wikipedia.org/wiki/Duomo_di_Biella,http://www.openstreetmap.org/way/428452003,,
428514873.0,Cattedrale di Sant'Emidio,Ascoli Piceno,it,42.85352207,13.5787555,750.0,1579.0,829.0,700–899,,,,,True,True,,,,,,,,,0,0,0,0,,it.wikipedia.org/wiki/Cattedrale_di_Sant'Emidio,http://www.openstreetmap.org/way/428514873,,
4311103.0,Ely Cathedral,Ely,uk,52.39867229,0.263710280841286,700.0,1500.0,800.0,700–899,,,,,True,True,1.0,True,False,False,False,False,900.0,900.0,1,1,0,0,900,en.wikipedia.org/wiki/Ely_Cathedral,http://www.openstreetmap.org/way/4311103,"st etheldreda (700), st peter (700)",vikings (900)
43768260.0,Cattedrale di Santa Maria del Fiore,Firenze,it,43.77312816,11.25662729,405.0,1436.0,1031.0,700–899,,,,,True,True,,,,,,,,,0,0,0,0,,it.wikipedia.org/wiki/Cattedrale_di_Santa_Maria_del_Fiore,http://www.openstreetmap.org/way/43768260,,
43873804.0,Chiesa di San Siro,Genova,it,44.41159665,8.930194071,300.0,1150.0,850.0,700–899,,,,,True,True,,,,,,,,,0,0,0,0,,it.wikipedia.org/wiki/Basilica_di_San_Siro_(Genova),http://www.openstreetmap.org/way/43873804,,
43945530.0,Duomo San Giuliano,Macerata,it,43.30081049,13.45690283,1459.0,1464.0,5.0,1300–1500,,,,,True,True,,,,,,,,,0,0,0,0,,it.wikipedia.org/wiki/Duomo_di_Macerata,http://www.openstreetmap.org/way/43945530,,
44184811.0,Duomo di Orvieto,Orvieto,it,42.71700824,12.11363324,1290.0,1607.0,317.0,1100–1299,,,,,True,True,,,,,,,,,0,0,0,0,,it.wikipedia.org/wiki/Duomo_di_Orvieto,http://www.openstreetmap.org/way/44184811,,
44435149.0,Dom St. Peter und Paul,Brandenburg (Brandenburg an der Havel),de,52.41524916,12.56743776,1170.0,1370.0,200.0,1100–1299,,,,,True,True,,,,,,,,,0,0,0,0,,de.wikipedia.org/wiki/St._Peter_und_Paul_(Brandenburg_an_der_Havel),http://www.openstreetmap.org/way/44435149,"st peter (1100), st paul (1100)",no (N/A)
44683104.0,Cattedrale Natività di Maria Santissima,Siracusa (Sirkusa),it,37.05959415,15.29380763,700.0,1120.0,420.0,700–899,,,,,True,True,,,,,,,,,0,0,0,0,,it.wikipedia.org/wiki/Duomo_di_Siracusa,http://www.openstreetmap.org/way/44683104,,
447255045.0,Ex cattedrale di Maria Santissima Assunta,Troina,it,37.78550122,14.60151307,1060.0,1090.0,30.0,900–1099,,,,,True,True,,,,,,,,,0,0,0,0,,https://it.wikipedia.org/wiki/Cattedrale_di_Maria_Santissima_Assunta_(Troina),http://www.openstreetmap.org/way/447255045,,
44773604.0,Cathédrale Saint-Pierre,Angouleme (Angoulême),fr,45.64899906,0.151639766,700.0,1128.0,428.0,700–899,,,,,True,True,,,,,,,,,0,0,0,0,,fr.wikipedia.org/wiki/Cathédrale_Saint-Pierre_d'Angoulême,http://www.openstreetmap.org/way/44773604,st peter (700),no (N/A)
447863567.0,Duomo di Aversa,Aversa,it,40.97659757,14.20320264,1053.0,1700.0,647.0,900–1099,,,,,True,False,2.0,False,False,True,False,True,1349.0,1456.0,2,0,0,1,1349;1456,it.wikipedia.org/wiki/Cattedrale_di_San_Paolo_(Aversa),http://www.openstreetmap.org/way/447863567,,
4532022.0,Kölner Dom,"Koeln (Köln, Cologne)",de,50.94133376,6.958121825,1248.0,1480.0,232.0,1100–1299,6000.0,43.0,258000.0,258000.0,True,True,1.0,False,True,False,False,False,1248.0,1248.0,1,0,1,0,1248,de.wikipedia.org/wiki/Kölner_Dom,http://www.openstreetmap.org/way/4532022,st peter (700),fire (1248)
453737197.0,Cattedrale di Sant'Ambrogio,Vigevano,it,45.31694821,8.859273834,900.0,950.0,50.0,900–1099,,,,,True,True,,,,,,,,,0,0,0,0,,it.wikipedia.org/wiki/Cattedrale_di_Sant'Ambrogio,http://www.openstreetmap.org/way/453737197,,
45393044.0,Cathédrale Notre-Dame-de-l'Assomption,Rodez,fr,44.35077143,2.574158702,1277.0,1542.0,265.0,1100–1299,4321.0,30.0,129630.0,129630.0,True,True,1.0,True,False,False,False,False,725.0,725.0,0,0,0,0,725,fr.wikipedia.org/wiki/Cathédrale_Notre-Dame_de_Rodez,http://www.openstreetmap.org/way/45393044,mary (700),saracens (725)
461216601.0,Duomo,Piacenza,it,45.0501248,9.697831376,1123.0,1233.0,110.0,1100–1299,3600.0,32.0,115200.0,115200.0,True,True,1.0,False,False,True,False,False,1117.0,1117.0,0,0,0,0,1117,it.wikipedia.org/wiki/Duomo_di_Piacenza,http://www.openstreetmap.org/way/461216601,,
463264817.0,Santa Maria Assunta,Fano,it,43.8434485,13.01563031,800.0,1140.0,340.0,700–899,,,,,True,True,1.0,False,True,False,False,False,1124.0,1124.0,1,0,1,0,1124,it.wikipedia.org/wiki/Cattedrale_di_Santa_Maria_Assunta_(Fano),http://www.openstreetmap.org/way/463264817,,
49750033.0,Cattedrale Santa Vergine Maria Assunta,Palermo (Balarm),it,38.1143261,13.35599057,1180.0,1500.0,320.0,1100–1299,,,,,True,True,,,,,,,,,0,0,0,0,,it.wikipedia.org/wiki/Cattedrale_di_Palermo,http://www.openstreetmap.org/way/49750033,,
49804445.0,Duomo di Monza,Monza,it,45.58360438,9.275797619,500.0,1420.0,920.0,700–899,,,,,True,True,,,,,,,,,0,0,0,0,,it.wikipedia.org/wiki/Duomo_di_Monza,http://www.openstreetmap.org/way/49804445,,
50284360.0,Dom St. Peter zu Trier,Trier,de,49.75620869,6.643596879,1040.0,1196.0,156.0,900–1099,3937.040244,29.0,114174.167076,114174.167076,True,True,1.0,True,False,False,False,False,882.0,882.0,0,0,0,0,882,de.wikipedia.org/wiki/Trierer_Dom,http://www.openstreetmap.org/way/50284360,mary (1196),damaged by vikings (882)
503078651.0,Duomo San Massimo,Aquila (L'Aquila),it,42.34921938,13.39697443,1259.0,1480.0,221.0,1100–1299,,,,,True,True,2.0,False,False,True,False,False,1315.0,1461.0,2,0,0,2,1315;1461,it.wikipedia.org/wiki/Duomo_dell'Aquila,http://www.openstreetmap.org/way/503078651,,
50323125.0,Cathédrale Sainte-Croix,Orleans (Orléans),fr,47.90189107,1.910367491,700.0,1320.0,620.0,700–899,,,,,True,False,3.0,True,True,False,False,True,877.0,1277.0,3,1,1,0,877;989;1277,fr.wikipedia.org/wiki/Cathédrale_Sainte-Croix_d'Orléans,http://www.openstreetmap.org/way/50323125,,"vikings (877), fire (989), collapse (1277)"
51343833.0,Cathédrale_Saint-Front,Perigueux (Périgueux),fr,45.18359614,0.722660211723202,700.0,1337.0,637.0,700–899,,,,,True,True,1.0,True,False,False,False,False,845.0,845.0,1,1,0,0,845,fr.wikipedia.org/wiki/Cathédrale_Saint-Front,,st frond (700),vikings (845)
51845053.0,Cathédrale métropolitaine et primatiale Saint-Étienne,Sens,fr,48.19802616,3.28401444,700.0,1532.0,832.0,700–899,,,,,True,False,1.0,False,False,False,False,True,1268.0,1268.0,1,0,0,0,1268,fr.wikipedia.org/wiki/Cathédrale_Saint-Étienne_de_Sens,http://www.openstreetmap.org/way/51845053,st stephen (1135),collapse of façade (1268)
52405010.0,Cathédrale Saint-Vincent,Macon (Mâcon),fr,46.30721066,4.831224323,700.0,1280.0,580.0,700–899,,,,,True,True,1.0,False,True,False,False,False,960.0,960.0,1,0,1,0,960,fr.wikipedia.org/wiki/Cathédrale_Vieux-Saint-Vincent_de_Mâcon,http://www.openstreetmap.org/way/52405010,st vincent (700),fire (960)
527060031.0,chiesa dell'Addolorata,Acqui Terme,it,44.67603384,8.468062579,500.0,1018.0,518.0,700–899,,,,,True,True,,,,,,,,,0,0,0,0,,http://www.cittaecattedrali.it/it/bces/165-chiesa-dell-addolorata-acqui-terme-al,http://www.openstreetmap.org/way/527060031,,
546017.0,Cattedrale di Santa Maria Assunta,Siena,it,43.31780852,11.32900811,800.0,1370.0,570.0,700–899,,,,,True,False,1.0,False,False,False,False,True,1357.0,1357.0,1,0,0,0,1357,it.wikipedia.org/wiki/Duomo_di_Siena,http://www.openstreetmap.org/relation/546017,,
5521021.0,Duomo di Savona,Savona,it,44.30750384,8.482241219,800.0,900.0,100.0,700–899,,,,,True,True,,,,,,,,,0,0,0,0,,it.wikipedia.org/wiki/Cattedrale_dell'Assunta_(Savona),http://www.openstreetmap.org/relation/5521021,,
55213272.0,Cathédrale Notre-Dame,Tournai (Doornik),be,50.60646393,3.388894142,1066.0,1255.0,189.0,900–1099,5120.755598,36.0,184347.201528,184347.201528,True,True,2.0,False,True,False,False,False,881.0,1066.0,1,0,1,0,881;1066,fr.wikipedia.org/wiki/Cathédrale_Notre-Dame_de_Tournai,http://www.openstreetmap.org/way/55213272,mary (700),"fire (881), fire (1066)"
5761459.0,St Mungo's Cathedral,Glasgow,uk,55.86298981,-4.234531429,1180.0,1450.0,270.0,1100–1299,,,,,True,True,,,,,,,,,0,0,0,0,,en.wikipedia.org/wiki/Glasgow_Cathedral,http://www.openstreetmap.org/relation/5761459,"st kentigem (1180), st mungo (1180)",no (N/A)
58102740.0,Cattedrale di Sant'Agata,Catania,it,37.5024721,15.08826927,1070.0,1200.0,130.0,900–1099,,,,,True,True,1.0,False,False,True,False,False,1169.0,1169.0,1,0,0,1,1169,it.wikipedia.org/wiki/Cattedrale_di_Sant'Agata,http://www.openstreetmap.org/way/58102740,,
58528625.0,Lichfield Cathedral,Lichfield,uk,52.68553705,-1.830427157,700.0,1330.0,630.0,700–899,,,,,True,True,,,,,,,,,0,0,0,0,,en.wikipedia.org/wiki/Lichfield_Cathedral,http://www.openstreetmap.org/way/58528625,"mary (700), st chad (700)",no (N/A)
59203296.0,Duomo abbaziale di Santa Tecla,Este,it,45.22999491,11.6536102,400.0,1200.0,800.0,700–899,,,,,True,True,,,,,,,,,0,0,0,0,,https://www.collieuganei.it/chiese/duomo-tecla/,http://www.openstreetmap.org/way/59203296,,
59317197.0,Chichester Cathedral,Chichester,uk,50.83624818,-0.780741069096489,700.0,1250.0,550.0,700–899,,,,,True,False,2.0,False,True,False,False,True,1187.0,1210.0,2,0,1,0,1187;1210,en.wikipedia.org/wiki/Chichester_Cathedral,http://www.openstreetmap.org/way/59317197,,"fire (1187), tower collapsed (1210)"
595945173.0,Concattedrale di San Leopardo,Osimo,it,43.48636582,13.48042466,600.0,1320.0,720.0,700–899,,,,,True,True,,,,,,,,,0,0,0,0,,it.wikipedia.org/wiki/Concattedrale_di_San_Leopardo,http://www.openstreetmap.org/way/595945173,,
6029281.0,Kathedrale St. Mariä Himmelfahrt,Chur,ch,46.84765625,9.535513651,700.0,1272.0,572.0,700–899,,,,,True,True,,,,,,,,,0,0,0,0,,de.wikipedia.org/wiki/Kathedrale_St._Mariä_Himmelfahrt_(Chur),http://www.openstreetmap.org/relation/6029281,mary (1272),no (N/A)
6059152.0,Cattedrale di San Massimo,Penne,it,42.45621834,13.92683398,400.0,1300.0,900.0,700–899,,,,,True,True,,,,,,,,,0,0,0,0,,it.wikipedia.org/wiki/Duomo_di_Penne,http://www.openstreetmap.org/way/6059152,,
6088133.0,Cattedrale San Lorenzo Maiorano,Manfredonia,it,41.62961017,15.91709589,1270.0,1274.0,4.0,1100–1299,,,,,True,True,,,,,,,,,0,0,0,0,,it.wikipedia.org/wiki/Cattedrale_di_Manfredonia,http://www.openstreetmap.org/relation/6088133,,
610581356.0,Basilica di Santa Maria Maggiore,Santa Maria Capua Vetere (Santa Maria Capua Vetere),it,41.07576705,14.25581092,432.0,820.0,388.0,700–899,,,,,True,True,,,,,,,,,0,0,0,0,,it.wikipedia.org/wiki/Basilica_di_Santa_Maria_Maggiore_(Santa_Maria_Capua_Vetere),http://www.openstreetmap.org/way/610581356,,
6123095.0,cattedrale di santa maria assunto,Reggio nell Emilia,it,44.69763,10.63103,400.0,1300.0,900.0,700–899,,,,,True,False,1.0,False,False,False,False,True,1228.0,1228.0,1,0,0,0,1228,https://it.wikipedia.org/wiki/Duomo_di_Reggio_Emilia,https://www.openstreetmap.org/relation/6123095,,
61682813.0,Cattedrale di San Zeno,Pistoia,it,43.93335003,10.91792968,400.0,1440.0,1040.0,700–899,,,,,True,True,2.0,False,True,True,False,False,1108.0,1298.0,2,0,1,1,1108;1298,it.wikipedia.org/wiki/Cattedrale_di_San_Zeno,http://www.openstreetmap.org/way/61682813,,
62630233.0,Cathédrale Saint-Étienne,Auxerre,fr,47.79787111,3.572876818,1220.0,1500.0,280.0,1100–1299,3562.0,30.0,106860.0,106860.0,True,True,2.0,False,True,False,False,False,880.0,1023.0,0,0,0,0,880;1023,fr.wikipedia.org/wiki/Cathédrale_Saint-Étienne_d'Auxerre,http://www.openstreetmap.org/way/62630233,st stephen (700),"fire (880), fire (1023)"
63420359.0,Cathédrale Notre-Dame,Rouen,fr,49.44021436,1.095007307,1120.0,1478.0,358.0,1100–1299,5807.0,28.0,162596.0,162596.0,True,True,2.0,True,False,False,True,False,841.0,1110.0,0,0,0,0,841;1110,fr.wikipedia.org/wiki/Cathédrale_Notre-Dame_de_Rouen,http://www.openstreetmap.org/way/63420359,mary (700),"vikings (841), lightning (1110)"
63572791.0,Cattedrale di Santa Maria Assunta,Montepulciano,it,43.09233763,11.78077277,980.0,1650.0,670.0,900–1099,,,,,True,True,,,,,,,,,0,0,0,0,,it.wikipedia.org/wiki/Duomo_di_Montepulciano,http://www.openstreetmap.org/way/63572791,,
63719981.0,Cathédrale Saint-Mammès,Langres,fr,47.86423769,5.335179133,1150.0,1366.0,216.0,1100–1299,2951.0,23.0,67873.0,67873.0,True,True,1.0,False,True,False,False,False,1314.0,1314.0,1,0,1,0,1314,fr.wikipedia.org/wiki/Cathédrale_Saint-Mammès_de_Langres,http://www.openstreetmap.org/way/63719981,st mammes (1150),partly damaged by fire (1314)
63850927.0,Cathédrale Sainte-Marie,Oloron Ste Marie (Oloron-Sainte-Marie),fr,43.18785765,-0.615942311280495,700.0,1400.0,700.0,700–899,,,,,True,True,2.0,True,True,False,False,False,848.0,1250.0,2,1,1,0,848;1250,fr.wikipedia.org/wiki/Cathédrale_Sainte-Marie_d'Oloron,http://www.openstreetmap.org/way/63850927,mary (700),"vikings (848), fire (1250)"
64242494.0,Cathédrale Notre-Dame,Tulle,fr,45.26787715,1.771243036,700.0,1300.0,600.0,700–899,,,,,True,True,,,,,,,,,0,0,0,0,,fr.wikipedia.org/wiki/Cathédrale_Notre-Dame_de_Tulle,http://www.openstreetmap.org/way/64242494,mary (1103),no (N/A)
64599957.0,Cathédrale_Saint-Étienne,Bourges,fr,47.08219883,2.39919084,1195.0,1480.0,285.0,1100–1299,6407.0,37.0,237059.0,237059.0,True,True,,,,,,,,,0,0,0,0,,fr.wikipedia.org/wiki/Cathédrale_Saint-Étienne_de_Bourges,,st stephen (700),no (N/A)
65309666.0,Cathédrale Saint-Caprais,Agen,fr,44.20678289,0.619253284761589,700.0,1500.0,800.0,700–899,,,,,True,True,1.0,True,False,False,False,False,853.0,853.0,1,1,0,0,853,fr.wikipedia.org/wiki/Cathédrale_Saint-Caprais_d'Agen,http://www.openstreetmap.org/way/65309666,st caprasius (700),ravaged by vikings (853)
65470768.0,Cathédrale Sainte-Marie,Auch,fr,43.64628063,0.585992963755894,1489.0,1520.0,31.0,1300–1500,3807.0,27.0,102789.0,102789.0,True,True,2.0,True,True,False,False,False,850.0,1171.0,0,0,0,0,850;1171,fr.wikipedia.org/wiki/Cathédrale_Sainte-Marie_d%27Auch,http://www.openstreetmap.org/way/65470768,st austinde (1175),"destroyed by saracens (850), fire (1171)"
66058556.0,Cattedrale di Belluno,Belluno,it,46.13771083,12.21706678,500.0,860.0,360.0,700–899,,,,,True,True,,,,,,,,,0,0,0,0,,it.wikipedia.org/wiki/Basilica_cattedrale_di_San_Martino,http://www.openstreetmap.org/way/66058556,,
66636479.0,Église Saint-Pierre,Condom,fr,43.95791318,0.372762710816567,1400.0,1507.0,107.0,1300–1500,2304.0,25.0,57600.0,57600.0,True,True,1.0,False,False,False,False,True,1368.0,1368.0,0,0,0,0,1368,https://fr.wikipedia.org/wiki/Cathédrale_Saint-Pierre_de_Condom,http://www.openstreetmap.org/way/66636479,st peter (700),destroyed (1368)
67332918.0,cathédrale Notre-Dame-du-Puy de Grasse ,Grasse,fr,43.65789,6.924792,1200.0,1300.0,100.0,1100–1299,,,,,True,True,,,,,,,,,0,0,0,0,,https://fr.wikipedia.org/wiki/Cath%C3%A9drale_Notre-Dame-du-Puy_de_Grasse,https://www.openstreetmap.org/way/67332918,,
67517840.0,Cathédrale Notre-Dame-de-l'Assomption,Clermont-Ferrand,fr,45.77872227,3.085780006,700.0,1345.0,645.0,700–899,,,,,True,True,2.0,True,False,False,False,True,760.0,915.0,2,1,0,0,760;915,fr.wikipedia.org/wiki/Cathédrale_Notre-Dame-de-l'Assomption_de_Clermont,http://www.openstreetmap.org/way/67517840,"st vitalis (700), st agricola (700), mary (1248)","destroyed (760), damaged by vikings (915)"
67810326.0,Sankt-Petri-Dom zu Schleswig,Schleswig (hedeby),de,54.51362887,9.569274999,1134.0,1600.0,466.0,1100–1299,,,,,True,True,,,,,,,,,0,0,0,0,,de.wikipedia.org/wiki/Schleswiger_Dom,http://www.openstreetmap.org/way/67810326,st peter (1134),no (N/A)
68062611.0,Cathédrale de l'Immaculée-Conception,Antibes,fr,43.58116914,7.128542605,700.0,1746.0,1046.0,700–899,,,,,True,True,1.0,True,False,False,False,False,1124.0,1124.0,1,1,0,0,1124,fr.wikipedia.org/wiki/Cathédrale_Notre-Dame-de-la-Platea_d'Antibes,http://www.openstreetmap.org/way/68062611,mary (442),destroyed by saracens (1124)
68341804.0,Cathédrale Saint-Michel,Carcassonne,fr,43.21097867,2.351126391,800.0,1370.0,570.0,700–899,,,,,True,True,1.0,False,False,False,False,True,1240.0,1240.0,1,0,0,0,1240,fr.wikipedia.org/wiki/Cathédrale_Saint-Michel_de_Carcassonne,http://www.openstreetmap.org/way/68341804,st michael (800),damaged in: (1240)
68663205.0,Cathédrale Notre-Dame,Coutances,fr,49.04762601,-1.444206253,1220.0,1270.0,50.0,1100–1299,3270.0,22.0,71940.0,71940.0,True,True,,,,,,,,,0,0,0,0,,fr.wikipedia.org/wiki/Cathédrale_Notre-Dame_de_Coutances,http://www.openstreetmap.org/way/68663205,mary (700),no (N/A)
69522625.0,cathedrale saint-etienne,Toul,fr,48.67523251,5.89440215,1220.0,1497.0,277.0,1100–1299,5831.0,32.0,186592.0,186592.0,True,True,,,,,,,,,0,0,0,0,,fr.wikipedia.org/wiki/Cathédrale_Saint-Étienne_de_Toul,,st stephen (700),no (N/A)
69839724.0,Cathédrale Saint-Gervais et Saint-Protais,Soissons,fr,49.38087975,3.325395399,810.0,1479.0,669.0,700–899,,,,,True,True,1.0,False,True,False,False,False,948.0,948.0,1,0,1,0,948,fr.wikipedia.org/wiki/Cathédrale_Saint-Gervais-et-Saint-Protais_de_Soissons,http://www.openstreetmap.org/way/69839724,"st gervais (815), st protais (815)",fire (948)
70193982.0,Dom Unserer Lieben Frau,Augsburg,de,48.37274852,10.89657464,700.0,1441.0,741.0,700–899,,,,,True,False,1.0,False,False,False,False,True,994.0,994.0,1,0,0,0,994,de.wikipedia.org/wiki/Dom_Mariä_Heimsuchung_(Augsburg),http://www.openstreetmap.org/way/70193982,mary (820),collapse of west (994)
70413238.0,Cathédrale Saint-Étienne,Limoges,fr,45.82891546,1.26667503,700.0,1499.0,799.0,700–899,,,,,True,True,,,,,,,,,0,0,0,0,,fr.wikipedia.org/wiki/Cathédrale_Saint-Étienne_de_Limoges,http://www.openstreetmap.org/way/70413238,st stephen (700),no (N/A)
70979680.0,Cathédrale Saint-Fulcran,Lodeve (Lodève),fr,43.73190342,3.317392931,1265.0,1320.0,55.0,1100–1299,2024.0,25.0,50600.0,50600.0,True,True,,,,,,,,,0,0,0,0,,fr.wikipedia.org/wiki/Cathédrale_Saint-Fulcran_de_Lodève,http://www.openstreetmap.org/way/70979680,st fulcran (1265),no (N/A)
72092769.0,Cathédrale Saint-Étienne,Agde,fr,43.31399915,3.469077792,700.0,1200.0,500.0,700–899,,,,,True,True,,,,,,,,,0,0,0,0,,fr.wikipedia.org/wiki/Cathédrale_Saint-Étienne_d'Agde,http://www.openstreetmap.org/way/72092769,st stephen (700),no (N/A)
72096102.0,Cathédrale Saint-Paul-Aurélien,St Pol  (Saint-Pol-de-Léon),fr,48.68494468,-3.986164233,780.0,1500.0,720.0,700–899,,,,,True,True,2.0,True,True,False,False,False,875.0,1365.0,2,1,1,0,875;1365,fr.wikipedia.org/wiki/Cathédrale_Saint-Paul-Aurélien_de_Saint-Pol-de-Léon,http://www.openstreetmap.org/way/72096102,"st paul (780), st pol (780)","vikings (875), partly damaged by fire (1365)"
72680580.0,Cathédrale Sainte-Marie,Bayonne,fr,43.49052477,-1.477297531,700.0,1600.0,900.0,700–899,,,,,True,True,3.0,False,True,False,False,False,1199.0,1258.0,3,0,3,0,1199;1224;1258,fr.wikipedia.org/wiki/Cathédrale_Sainte-Marie_de_Bayonne,http://www.openstreetmap.org/way/72680580,mary (700),"partly damaged by fire (1199), 1224 (1258)"
72878113.0,Cattedrale di San Feliciano,Foligno,it,42.95645756,12.70370036,900.0,1201.0,301.0,900–1099,,,,,True,True,,,,,,,,,0,0,0,0,,it.wikipedia.org/wiki/Cattedrale_di_San_Feliciano,http://www.openstreetmap.org/way/72878113,,
73122051.0,Cathédrale Saint-Pierre et Saint-Paul,Troyes,fr,48.30037659,4.081514841,700.0,1500.0,800.0,700–899,,,,,True,True,2.0,True,True,False,False,False,890.0,1188.0,2,1,1,0,890;1188,fr.wikipedia.org/wiki/Cathédrale_Saint-Pierre-et-Saint-Paul_de_Troyes,http://www.openstreetmap.org/way/73122051,"christ (700), st peter (850), st paul (850)","vikings (890), partly destroyed by fire (1188)"
73677188.0,Cathédrale Saint-Gatien,Tours,fr,47.39557713,0.694464088,1170.0,1400.0,230.0,1100–1299,3675.0,29.0,106575.0,106575.0,True,True,1.0,False,True,False,False,False,1166.0,1166.0,0,0,0,0,1166,fr.wikipedia.org/wiki/Cathédrale_Saint-Gatien_de_Tours,http://www.openstreetmap.org/way/73677188,"st maurice (500), st gatien (700)",fire (1166)
73881812.0,Cattedrale di Santa Maria Assunta,Cremona,it,45.13355164,10.02560838,700.0,1400.0,700.0,700–899,,,,,True,True,1.0,False,False,True,False,False,1117.0,1117.0,1,0,0,1,1117,it.wikipedia.org/wiki/Duomo_di_Cremona,http://www.openstreetmap.org/way/73881812,,
75334833.0,Église Saint-Étienne de la Cité,Perigueux (Périgueux),fr,45.1817435,0.714820320251761,700.0,1200.0,500.0,700–899,,,,,True,True,,,,,,,,,0,0,0,0,,fr.wikipedia.org/wiki/Église_Saint-Étienne-de-la-Cité,http://www.openstreetmap.org/way/75334833,st stephen (700),no (N/A)
78123714.0,Cathédrale Saint-Étienne,St Brieuc (Saint-Brieuc),fr,48.51418675,-2.763891519,700.0,1500.0,800.0,700–899,,,,,True,True,,,,,,,,,0,0,0,0,,fr.wikipedia.org/wiki/Cathédrale_Saint-Étienne_de_Saint-Brieuc,http://www.openstreetmap.org/way/78123714,st stephen (700),no (N/A)
78359846.0,Cathédrale Notre-Dame,Orange,fr,44.13804247,4.807403121,700.0,1208.0,508.0,700–899,,,,,True,True,,,,,,,,,0,0,0,0,,fr.wikipedia.org/wiki/Cathédrale_Notre-Dame-de-Nazareth_d'Orange,http://www.openstreetmap.org/way/78359846,mary (700),no (N/A)
79808365.0,Duomo di Bergamo,Bergamo,it,45.70327954,9.66291957,500.0,1500.0,1000.0,700–899,,,,,True,True,,,,,,,,,0,0,0,0,,it.wikipedia.org/wiki/Duomo_di_Bergamo,http://www.openstreetmap.org/way/79808365,,
79901345.0,Cathédrale Saint-Pierre,Vannes,fr,47.65789884,-2.75679225,700.0,1520.0,820.0,700–899,,,,,True,True,2.0,True,False,False,False,True,919.0,1150.0,2,1,0,0,919;1150,fr.wikipedia.org/wiki/Cathédrale_Saint-Pierre_de_Vannes,http://www.openstreetmap.org/way/79901345,st peter (700),"normans (919), ruined (1150)"
80181137.0,Cathédrale Saint-André,Bordeaux,fr,44.83765666,-0.577757666087606,700.0,1350.0,650.0,700–899,,,,,True,True,3.0,True,False,False,False,False,725.0,864.0,3,3,0,0,725;848;864,fr.wikipedia.org/wiki/Cathédrale_Saint-André_de_Bordeaux,http://www.openstreetmap.org/way/80181137,st andrew (700),"damaged in: (725), 848 (864)"
80414060.0,Cattedrale di Sant'Evasio,Casale (Casale Monferrato),it,45.13723347,8.452657922,800.0,1250.0,450.0,700–899,,,,,True,True,1.0,False,True,False,False,False,1215.0,1215.0,1,0,1,0,1215,it.wikipedia.org/wiki/Duomo_di_Casale_Monferrato,http://www.openstreetmap.org/way/80414060,,
81690355.0,Cathédrale Saint-Jean-Baptiste,Perpignan,fr,42.70061587,2.897092208,1324.0,1453.0,129.0,1300–1500,4562.0,26.0,118612.0,118612.0,True,True,,,,,,,,,0,0,0,0,,fr.wikipedia.org/wiki/Cathédrale_Saint-Jean-Baptiste_de_Perpignan,http://www.openstreetmap.org/way/81690355,st john baptist (1025),no (N/A)
82048362.0,Cathédrale Notre-Dame,Evreux (Évreux),fr,49.02421337,1.150952616,700.0,1455.0,755.0,700–899,,,,,True,True,3.0,True,True,False,False,False,950.0,1356.0,3,2,1,0,950;1119;1356,fr.wikipedia.org/wiki/Cathédrale_Notre-Dame_d'Évreux,http://www.openstreetmap.org/way/82048362,mary (700),"vikings (950), fire (1119), war damage (1356)"
82261510.0,Cattedrale di Sant'Eusebio,Vercelli,it,45.33019486,8.422559498,300.0,1100.0,800.0,700–899,,,,,True,True,1.0,False,True,False,False,False,997.0,997.0,1,0,1,0,997,it.wikipedia.org/wiki/Duomo_di_Vercelli,http://www.openstreetmap.org/way/82261510,,
82665029.0,Duomo di Monreale,Monreale,it,38.08203426,13.29229182,1174.0,1182.0,8.0,1100–1299,,,,,True,True,,,,,,,,,0,0,0,0,,it.wikipedia.org/wiki/Duomo_di_Monreale,http://www.openstreetmap.org/way/82665029,,
83180781.0,Cathédrale Saint-Benoît,Castres,fr,43.60423781,2.241669366,700.0,1200.0,500.0,700–899,,,,,True,True,,,,,,,,,0,0,0,0,,fr.wikipedia.org/wiki/Cathédrale_Saint-Benoît_de_Castres,http://www.openstreetmap.org/way/83180781,st benedict (700),no (N/A)
83440270.0,Cathédrale Sainte-Anne,Apt,fr,43.87613762,5.397174995,700.0,1320.0,620.0,700–899,,,,,True,True,1.0,True,False,False,False,False,975.0,975.0,1,1,0,0,975,fr.wikipedia.org/wiki/Cathédrale_Sainte-Anne_d'Apt,http://www.openstreetmap.org/way/83440270,st anna (700),destroyed by saracens (975)
83772268.0,Cathédrale Notre-Dame-des-Doms,Avignon,fr,43.95158425,4.807690988,700.0,1160.0,460.0,700–899,,,,,True,True,,,,,,,,,0,0,0,0,,fr.wikipedia.org/wiki/Cathédrale_Notre-Dame_des_Doms_d'Avignon,http://www.openstreetmap.org/way/83772268,mary (1150),no (N/A)
84387233.0,Cathédrale Saint-Pierre,"St Flour (Saint-Flour, Cantal)",fr,45.03334882,3.095314971,700.0,1466.0,766.0,700–899,,,,,True,False,1.0,False,False,False,False,True,1396.0,1396.0,1,0,0,0,1396,fr.wikipedia.org/wiki/Cathédrale_Saint-Pierre_de_Saint-Flour,http://www.openstreetmap.org/way/84387233,"st peter (700), st flour (700)",partially collapsed (1396)
86257075.0,Duomo,Terni,it,42.56047915,12.64335881,100.0,1200.0,1100.0,700–899,,,,,True,True,,,,,,,,,0,0,0,0,,it.wikipedia.org/wiki/Duomo_di_Terni,http://www.openstreetmap.org/way/86257075,,
86359613.0,Cathédrale Notre-Dame-de-l'Annonciation,Le Puy (Le Puy-en-Velay),fr,45.04558389,3.884830328,750.0,1300.0,550.0,700–899,,,,,True,True,,,,,,,,,0,0,0,0,,fr.wikipedia.org/wiki/Cathédrale_Notre-Dame-de-l'Annonciation_du_Puy-en-Velay,http://www.openstreetmap.org/way/86359613,mary (750),no (N/A)
86409136.0,Dom Mariä Himmelfahrt,Hildesheim,de,52.14900052,9.946982552,852.0,1300.0,448.0,700–899,,,,,True,True,1.0,False,True,False,False,False,1046.0,1046.0,1,0,1,0,1046,de.wikipedia.org/wiki/Hildesheimer_Dom,http://www.openstreetmap.org/way/86409136,mary (852),fire (1046)
87134587.0,Carlisle Cathedral,Carlisle,uk,54.8947267,-2.938529437,1122.0,1300.0,178.0,1100–1299,2144.501447,22.0,47179.031834,47179.031834,True,True,,,,,,,,,0,0,0,0,,en.wikipedia.org/wiki/Carlisle_Cathedral,http://www.openstreetmap.org/way/87134587,,no (N/A)
88613054.0,Cathédrale Saint-Sauveur,Aix (Aix-en-Provence),fr,43.53187485,5.447310973,700.0,1513.0,813.0,700–899,,,,,True,True,2.0,True,False,False,False,False,800.0,900.0,2,2,0,0,800;900,fr.wikipedia.org/wiki/Cathédrale_Saint-Sauveur_d%27Aix-en-Provence,http://www.openstreetmap.org/way/88613054,christ (700),"destroyed by saracens (800), destroyed by saracens (900)"
90885376.0,cathedrale saint arnoux,Gap,fr,44.5582,6.078113,500.0,1100.0,600.0,700–899,,,,,True,True,,,,,,,,,0,0,0,0,,https://fr.wikipedia.org/wiki/Cath%C3%A9drale_Notre-Dame-et-Saint-Arnoux_de_Gap,https://www.openstreetmap.org/way/90885376,,
90923933.0,Paroisse Saint-Siffrein,Carpentras,fr,44.05419143,5.047746891,700.0,1538.0,838.0,700–899,,,,,True,True,,,,,,,,,0,0,0,0,,fr.wikipedia.org/wiki/Cathédrale_Saint-Siffrein_de_Carpentras,http://www.openstreetmap.org/way/90923933,st siffrein (700),no (N/A)
90946957.0,Cathédrale Notre-Dame et Saint-Thyrse,Sisteron,fr,44.19571482,5.943597348,1160.0,1220.0,60.0,1100–1299,,,,,True,True,,,,,,,,,0,0,0,0,,fr.wikipedia.org/wiki/Cathédrale_Notre-Dame-des-Pommiers_de_Sisteron,http://www.openstreetmap.org/way/90946957,mary (1160),no (N/A)
91412460.0,Cathédrale Saint-Antonin,Pamiers,fr,43.11425821,1.609046598,1000.0,1400.0,400.0,900–1099,,,,,True,True,,,,,,,,,0,0,0,0,,fr.wikipedia.org/wiki/Cathédrale_Saint-Antonin_de_Pamiers,http://www.openstreetmap.org/way/91412460,st antonin (1000),no (N/A)
91980198.0,Cathédrale Saint-Gervais-Saint-Protais,Lectoure,fr,43.93386035,0.623927133892386,1473.0,1600.0,127.0,1300–1500,2305.0,21.0,48405.0,48405.0,True,True,1.0,False,False,False,False,True,1473.0,1473.0,1,0,0,0,1473,fr.wikipedia.org/wiki/Cathédrale_Saint-Gervais-Saint-Protais_de_Lectoure,http://www.openstreetmap.org/way/91980198,"st gervais (1120), st protais (1120)",partially damaged (1473)
92100896.0,Cathédrale Saint-Just et Saint-Pasteur,Narbonne,fr,43.18481735,3.003904579,700.0,1354.0,654.0,700–899,,,,,True,True,,,,,,,,,0,0,0,0,,fr.wikipedia.org/wiki/Cathédrale_Saint-Just-et-Saint-Pasteur_de_Narbonne,http://www.openstreetmap.org/way/92100896,"st just (782), st pasteur (782)",no (N/A)
92294792.0,Cathédrale Notre-Dame,Reims,fr,49.25379447,4.033910046,1211.0,1275.0,64.0,1100–1299,7276.0,38.0,276488.0,276488.0,True,True,2.0,False,True,False,False,False,1210.0,1481.0,0,0,0,0,1210;1481,fr.wikipedia.org/wiki/Cathédrale_Notre-Dame_de_Reims,http://www.openstreetmap.org/way/92294792,mary (700),"fire (1210), partially destroyed by fire (1481)"
93662475.0,Cattedrale di Salerno,Salerno,it,40.68008601,14.76011656,500.0,1085.0,585.0,700–899,,,,,True,True,,,,,,,,,0,0,0,0,,it.wikipedia.org/wiki/Cattedrale_di_Salerno,http://www.openstreetmap.org/way/93662475,,
94168520.0,Dom St. Peter,Worms,de,49.63004441,8.359893585,1130.0,1300.0,170.0,1100–1299,3316.336899,26.0,86224.759374,86224.759374,True,True,,,,,,,,,0,0,0,0,,de.wikipedia.org/wiki/Wormser_Dom,http://www.openstreetmap.org/way/94168520,st peter (700),no (N/A)
94305805.0,Cathédrale Saint-Corentin,Quimper,fr,47.99562125,-4.102178775,1239.0,1493.0,254.0,1100–1299,3060.0,20.0,61200.0,61200.0,True,True,,,,,,,,,0,0,0,0,,fr.wikipedia.org/wiki/Cathédrale_Saint-Corentin_de_Quimper,http://www.openstreetmap.org/way/94305805,st corintin (700),no (N/A)
94434589.0,Cathédrale Notre-Dame,Verdun,fr,49.15951076,5.382326302,847.0,1528.0,681.0,700–899,,,,,True,True,2.0,True,True,False,False,False,1047.0,1135.0,2,1,1,0,1047;1135,fr.wikipedia.org/wiki/Cathédrale_Notre-Dame_de_Verdun,http://www.openstreetmap.org/way/94434589,mary (847),"fire (1047), ravaged (1135)"
94521804.0,Dom zu Merseburg,Merseburg,de,51.35858824,12.00112342,1015.0,1042.0,27.0,900–1099,,,,,True,False,1.0,False,False,False,False,True,1025.0,1025.0,1,0,0,0,1025,de.wikipedia.org/wiki/Merseburger_Dom,http://www.openstreetmap.org/way/94521804,"st laurence (1012), st john baptist (1015)",partly collapsed (1025)
94653456.0,Rochester Cathedral,Rochester,uk,51.3889841,0.503266617038518,1080.0,1343.0,263.0,900–1099,,,,,True,True,,,,,,,,,0,0,0,0,,en.wikipedia.org/wiki/Rochester_Cathedral,http://www.openstreetmap.org/way/94653456,"christ (1080), mary (1080)",no (N/A)
97407668.0,Cathédrale Saint-Apollinaire,Valence (Valence (Drôme)),fr,44.93161647,4.889543292,1063.0,1150.0,87.0,900–1099,,,,,True,True,1.0,False,False,False,True,False,1281.0,1281.0,0,0,0,0,1281,fr.wikipedia.org/wiki/Cathédrale_Saint-Apollinaire_de_Valence,http://www.openstreetmap.org/way/97407668,st apollinaire (1063),lightening in tower (1281)
99684738.0,Duomo di Ravello,Amalfi,it,40.64933695,14.61208834,1086.0,1100.0,14.0,900–1099,,,,,True,True,,,,,,,,,0,0,0,0,,it.wikipedia.org/wiki/Duomo_di_Ravello,http://www.openstreetmap.org/way/99684738,,
