lat,lon,elevation_m
24.085556,32.885278,95.0
24.943611,32.841944,88.0
25.116667,32.8,85.0
25.940556,32.709167,89.0
26.157778,31.966111,75.0
26.171111,31.924167,112.0
26.171389,31.925,104.0
26.175,31.937778,72.0
27.307778,30.871667,55.0
28.045833,30.828611,35.0
29.233333,30.966667,35.0
29.27424,30.898973,35.0
29.382589,31.053581,110.0
29.388056,31.156944,56.0
29.560009,31.220876,44.0
29.574722,31.225,37.0
29.761667,31.220833,32.0
29.7675,31.220833,45.0
29.781667,31.221389,33.0
29.790278,31.209167,76.0
29.791667,31.223611,36.0
29.805563,31.222781,41.0
29.808333,31.205833,61.0
29.810833,31.212222,51.0
29.818889,31.225556,51.0
29.830556,31.222222,46.0
29.832222,31.223889,52.0
29.838889,31.215,51.0
29.8403,31.2133,52.0
29.841667,31.217778,25.0
29.850556,31.215,47.0
29.851111,31.220833,45.0
29.85451,31.21909,42.0
29.866,31.213,55.0
29.868333,31.214722,59.0
29.871215,31.216644,60.0
29.87275,31.2186,56.0
29.873611,31.218889,54.0
29.875278,31.221667,58.0
29.875278,31.223611,51.0
29.893889,31.201667,50.0
29.894143,31.202523,56.0
29.895,31.2025,56.0
29.895667,31.203556,56.0
29.897778,31.203333,40.0
29.898664,31.201633,36.0
29.93282,31.161262,53.0
29.940122,31.151556,46.0
29.971592,31.127274,70.0
29.971592,31.127783,70.0
29.971592,31.128293,70.0
29.972378,31.128327,70.0
29.973306,31.135361,36.0
29.975947,31.130698,78.0
29.977778,31.136389,58.0
29.97785,31.136256,58.0
29.978333,31.136111,58.0
29.978836,31.136261,58.0
29.979167,31.134167,58.0
30.032222,31.074722,157.0
30.040833,31.094444,27.0
30.470556,31.188056,13.0
