source_base,name_final,pharaoh_final,dynasty_final,time_period_final,site_final,height_m_final,volume_m3_final,inclination_deg_final,status_final,construction_duration_low_years,construction_duration_high_years,construction_duration_best_years,duration_status,duration_method,duration_confidence,duration_source_layer,duration_statement,source_urls,duration_caution,elevation_m,Modern name,Pharaoh,Dynasty,Time Period,Site,Ancient name,Base1 (m),Base2 (m),Height (m),Slope (dec degr),Volume (cu.m),Latitude,Longitude,Type,Lepsius,Material,Comment,name_key,pharaoh_key,site_key
kaggle,Step Pyramid of Djoser,Djoser,3,Old Kingdom (c. 2686–2181 BC),Saqqara,60.0,330.4,,unknown,19.0,19.0,19.0,manual_source_checked_estimate,manual source-checked construction-duration estimate,medium,manual_duration_fix,Source-checked construction duration estimate: approximately 19 years.,,"Treat as an estimate, not an exact engineering duration.",60.0,Step Pyramid of Djoser,Djoser,3,Old Kingdom (c. 2686–2181 BC),Saqqara,Hiemlender,121.0,109.0,60.0,,330.4,29.871215,31.216644,Step,XXXII,Mudbrick,,step pyramid djoser,djoser,saqqara
kaggle,Buried Pyramid,Sekhemkhet,3,Old Kingdom (c. 2686–2181 BC),Saqqara,70.0,33.6,,unfinished,,,,unfinished_duration_unknown,classified from original dataset comments/text,medium,dataset_comment,"The pyramid appears unfinished, abandoned, or never built based on the dataset text.",,Do not treat this as zero years. It means the construction duration is unknown.,55.0,Buried Pyramid,Sekhemkhet,3,Old Kingdom (c. 2686–2181 BC),Saqqara,-,120.0,120.0,70.0,,33.6,29.866,31.213,Step,,Mudbrick,(unfinished),buried pyramid,sekhemkhet,saqqara
kaggle,Layer Pyramid,Khaba (?),3,Old Kingdom (c. 2686–2181 BC),Zawyet el'Aryan,40.0,47.04,,unfinished,,,,unfinished_duration_unknown,classified from original dataset comments/text,medium,dataset_comment,"The pyramid appears unfinished, abandoned, or never built based on the dataset text.",,Do not treat this as zero years. It means the construction duration is unknown.,53.0,Layer Pyramid,Khaba (?),3,Old Kingdom (c. 2686–2181 BC),Zawyet el'Aryan,-,84.0,84.0,40.0,,47.04,29.93282,31.161262,Step,XIV,Mudbrick,(unfinished),layer pyramid,khaba,zawyet elaryan
kaggle,Pyramid Lepsius I,Huni,3,Old Kingdom (c. 2686–2181 BC),Abu Rawash,145.0,,,ruined,,,,duration_unknown,no usable duration evidence found,unknown,none,,,No direct construction duration or defensible proxy was available.,27.0,Pyramid Lepsius I,Huni,3,Old Kingdom (c. 2686–2181 BC),Abu Rawash,-,215.0,215.0,145.0,,,30.040833,31.094444,Step,I,Mudbrick,totally ruined,pyramid lepsius i,huni,abu rawash
kaggle,Pyramid of Athribis,Huni (?),3,Old Kingdom (c. 2686–2181 BC),Athribis,16.0,,,unknown,,,,duration_unknown,no usable duration evidence found,unknown,none,,,No direct construction duration or defensible proxy was available.,13.0,Pyramid of Athribis,Huni (?),3,Old Kingdom (c. 2686–2181 BC),Athribis,-,20.0,20.0,16.0,50.0,,30.470556,31.188056,Step,,Mudbrick,,pyramid athribis,huni,athribis
kaggle,Pyramid of Elephantine,Huni (?),3,Old Kingdom (c. 2686–2181 BC),Elephantine,10.5,,,unknown,,,,duration_unknown,no usable duration evidence found,unknown,none,,,No direct construction duration or defensible proxy was available.,95.0,Pyramid of Elephantine,Huni (?),3,Old Kingdom (c. 2686–2181 BC),Elephantine,-,18.0,18.0,10.5,82.0,,24.085556,32.885278,Step,,Rose Granite,,pyramid elephantine,huni,elephantine
kaggle,Edfu South Pyramid,Huni (?),3,Old Kingdom (c. 2686–2181 BC),Edfu,12.5,,,unknown,,,,duration_unknown,no usable duration evidence found,unknown,none,,,No direct construction duration or defensible proxy was available.,88.0,Edfu South Pyramid,Huni (?),3,Old Kingdom (c. 2686–2181 BC),Edfu,-,18.0,18.0,12.5,77.0,,24.943611,32.841944,Step,,Sandstone,,edfu south pyramid,huni,edfu
kaggle,Al Kula Pyramid,Huni (?),3,Old Kingdom (c. 2686–2181 BC),Hierakonpolis,12.0,,,unknown,,,,duration_unknown,no usable duration evidence found,unknown,none,,,No direct construction duration or defensible proxy was available.,85.0,Al Kula Pyramid,Huni (?),3,Old Kingdom (c. 2686–2181 BC),Hierakonpolis,-,19.0,19.0,12.0,77.0,,25.116667,32.8,Step,,Limestone,,kula pyramid,huni,hierakonpolis
kaggle,Pyramid of Naqada (Pyramid of Ombos),Huni (?),3,Old Kingdom (c. 2686–2181 BC),Naqada,14.0,,,unknown,,,,duration_unknown,no usable duration evidence found,unknown,none,,,No direct construction duration or defensible proxy was available.,89.0,Pyramid of Naqada (Pyramid of Ombos),Huni (?),3,Old Kingdom (c. 2686–2181 BC),Naqada,-,19.0,19.0,14.0,80.0,,25.940556,32.709167,Step,,Limestone,,pyramid naqada,huni,naqada
kaggle,Pyramid of Sinki,Huni (?),3,Old Kingdom (c. 2686–2181 BC),Abydos,12.5,,,unknown,,,,duration_unknown,no usable duration evidence found,unknown,none,,,No direct construction duration or defensible proxy was available.,75.0,Pyramid of Sinki,Huni (?),3,Old Kingdom (c. 2686–2181 BC),Abydos,-,19.0,19.0,12.5,80.0,,26.157778,31.966111,Step,,Limestone,,pyramid sinki,huni,abydos
kaggle,Pyramid of Zawyet el-Maiyitin,Huni (?),3,Old Kingdom (c. 2686–2181 BC),Al-Minya,17.0,,,unknown,,,,duration_unknown,no usable duration evidence found,unknown,none,,,No direct construction duration or defensible proxy was available.,35.0,Pyramid of Zawyet el-Maiyitin,Huni (?),3,Old Kingdom (c. 2686–2181 BC),Al-Minya,-,22.4,22.4,17.0,80.0,,28.045833,30.828611,Step,,Limestone,,pyramid zawyet maiyitin,huni,minya
kaggle,Pyramid of Seila,Sneferu,4,Old Kingdom (c. 2686–2181 BC),Seila,6.8,,,unknown,,24.0,,reign_window_proxy_only,upper-bound proxy from attributed pharaoh reign length,low,reign_chronology_proxy,"No direct construction duration was found. The pyramid is attributed to Sneferu, so the upper-bound proxy uses that ruler's approximate reign length: about 24 years.",,This is not a direct construction duration. It is only an upper-bound proxy.,110.0,Pyramid of Seila,Sneferu,4,Old Kingdom (c. 2686–2181 BC),Seila,-,25.0,25.0,6.8,76.0,,29.382589,31.053581,Step,,Limestone,,pyramid seila,sneferu,seila
kaggle,Pyramid of Meidum,Sneferu,4,Old Kingdom (c. 2686–2181 BC),Meidum,92.0,638.733,,unknown,,24.0,,reign_window_proxy_only,upper-bound proxy from attributed pharaoh reign length,low,reign_chronology_proxy,"No direct construction duration was found. The pyramid is attributed to Sneferu, so the upper-bound proxy uses that ruler's approximate reign length: about 24 years.",,This is not a direct construction duration. It is only an upper-bound proxy.,56.0,Pyramid of Meidum,Sneferu,4,Old Kingdom (c. 2686–2181 BC),Meidum,Snefru endures,144.0,144.0,92.0,51.84,638.733,29.388056,31.156944,Smooth-faced,LXV,Limestone,,pyramid meidum,sneferu,meidum
kaggle,Bent Pyramid,Sneferu,4,Old Kingdom (c. 2686–2181 BC),Dahshur,105.0,1.237,,unknown,,24.0,,reign_window_proxy_only,upper-bound proxy from attributed pharaoh reign length,low,reign_chronology_proxy,"No direct construction duration was found. The pyramid is attributed to Sneferu, so the upper-bound proxy uses that ruler's approximate reign length: about 24 years.",,This is not a direct construction duration. It is only an upper-bound proxy.,76.0,Bent Pyramid,Sneferu,4,Old Kingdom (c. 2686–2181 BC),Dahshur,Snefru shines in the South,188.0,188.0,105.0,54.46,1.237.040,29.790278,31.209167,Bent,LVI,Limestone,,bent pyramid,sneferu,dahshur
kaggle,Red Pyramid (North Pyramid),Sneferu,4,Old Kingdom (c. 2686–2181 BC),Dahshur,105.0,1.694,,unknown,10.0,17.0,13.5,manual_source_checked_range,manual source-checked construction-duration range,medium-low,manual_duration_fix,Source-checked construction duration range: approximately 10–17 years; best estimate is the mean. Computed best estimate: (10 + 17) / 2 = 13.5 years.,,Range is uncertain; best estimate is computed as the mean of low and high.,61.0,Red Pyramid (North Pyramid),Sneferu,4,Old Kingdom (c. 2686–2181 BC),Dahshur,Snefru shines in the North,220.0,220.0,105.0,43.37,1.694.000,29.808333,31.205833,Smooth-faced,XLIX,Limestone,,red pyramid,sneferu,dahshur
kaggle,Pyramid G1-a,Hetepheres I,4,Old Kingdom (c. 2686–2181 BC),Giza,30.25,,,unknown,,,,duration_unknown,no usable duration evidence found,unknown,none,,,No direct construction duration or defensible proxy was available.,58.0,Pyramid G1-a,Hetepheres I,4,Old Kingdom (c. 2686–2181 BC),Giza,-,49.5,49.5,30.25,,,29.978836,31.136261,True,V,Limestone,,pyramid g1 a,hetepheres i,giza
kaggle,Pyramid G1-b,Meritites I,4,Old Kingdom (c. 2686–2181 BC),Giza,30.0,,,unknown,,,,duration_unknown,no usable duration evidence found,unknown,none,,,No direct construction duration or defensible proxy was available.,58.0,Pyramid G1-b,Meritites I,4,Old Kingdom (c. 2686–2181 BC),Giza,-,50.0,50.0,30.0,33.0,,29.978333,31.136111,True,VI,Limestone,,pyramid g1 b,meritites i,giza
kaggle,Pyramid G1-c,Henutsen,4,Old Kingdom (c. 2686–2181 BC),Giza,29.6,,,unknown,,,,duration_unknown,no usable duration evidence found,unknown,none,,,No direct construction duration or defensible proxy was available.,58.0,Pyramid G1-c,Henutsen,4,Old Kingdom (c. 2686–2181 BC),Giza,King's daughter. Henutsen,46.25,46.25,29.6,52.0,,29.977778,31.136389,True,VII,Limestone,,pyramid g1 c,henutsen,giza
kaggle,Pyramid G1-d,Khufu,4,Old Kingdom (c. 2686–2181 BC),Giza,14.0,,,unknown,,26.0,,reign_window_proxy_only,upper-bound proxy from attributed pharaoh reign length,low,reign_chronology_proxy,"No direct construction duration was found. The pyramid is attributed to Khufu, so the upper-bound proxy uses that ruler's approximate reign length: about 26 years.",,This is not a direct construction duration. It is only an upper-bound proxy.,58.0,Pyramid G1-d,Khufu,4,Old Kingdom (c. 2686–2181 BC),Giza,-,23.0,23.0,14.0,52.0,,29.97785,31.136256,True,,Limestone,,pyramid g1 d,khufu,giza
kaggle,The Great Pyramid of Giza,Khufu,4,Old Kingdom (c. 2686–2181 BC),Giza,146.6,2.583,,unknown,26.0,26.0,26.0,manual_source_checked_estimate,manual source-checked construction-duration estimate,medium,manual_duration_fix,Manual source-checked construction duration estimate: about 26 years.,,"Treat as an estimate, not an exact engineering duration.",58.0,The Great Pyramid of Giza,Khufu,4,Old Kingdom (c. 2686–2181 BC),Giza,Khufu's horizon,230.3,230.3,146.6,51.84,2.583.283,29.979167,31.134167,True,IV,Limestone. granite,,great pyramid giza,khufu,giza
kaggle,Pyramid of Djedefre,Djedefre,4,Old Kingdom (c. 2686–2181 BC),Abu Rawash,67.0,131.043,,unknown,,8.0,,reign_window_proxy_only,upper-bound proxy from attributed pharaoh reign length,low,reign_chronology_proxy,"No direct construction duration was found. The pyramid is attributed to Djedefre, so the upper-bound proxy uses that ruler's approximate reign length: about 8 years.",,This is not a direct construction duration. It is only an upper-bound proxy.,157.0,Pyramid of Djedefre,Djedefre,4,Old Kingdom (c. 2686–2181 BC),Abu Rawash,Djedefre's Starry Sky,106.0,106.0,67.0,52.0,131.043,30.032222,31.074722,True,II,Limestone. granite,,pyramid djedefre,djedefre,abu rawash
kaggle,Unfinished Northern Pyramid of Zawyet el'Aryan,Bikheris (?),4,Old Kingdom (c. 2686–2181 BC),Zawyet el'Aryan,,,,unfinished,,,,unfinished_duration_unknown,classified from original dataset comments/text,medium,dataset_comment,"The pyramid appears unfinished, abandoned, or never built based on the dataset text.",,Do not treat this as zero years. It means the construction duration is unknown.,46.0,Unfinished Northern Pyramid of Zawyet el'Aryan,Bikheris (?),4,Old Kingdom (c. 2686–2181 BC),Zawyet el'Aryan,Star of ..?..-Ka,200.0,200.0,,52.0,,29.940122,31.151556,True,XIII,,(unfinished),unfinished northern pyramid zawyet elaryan,bikheris,zawyet elaryan
kaggle,Pyramid of Khafre,Khafra,4,Old Kingdom (c. 2686–2181 BC),Giza,143.5,2.211,,unknown,,,,duration_unknown,no usable duration evidence found,unknown,none,,,No direct construction duration or defensible proxy was available.,78.0,Pyramid of Khafre,Khafra,4,Old Kingdom (c. 2686–2181 BC),Giza,Khafra is great,215.25,215.25,143.5,53.17,2.211.096,29.975947,31.130698,True,VIII,Limestone,,pyramid khafre,khafra,giza
kaggle,Pyramid of Menkaure,Menkaure,4,Old Kingdom (c. 2686–2181 BC),Giza,65.5,235.183,,unknown,,18.0,,reign_window_proxy_only,upper-bound proxy from attributed pharaoh reign length,low,reign_chronology_proxy,"No direct construction duration was found. The pyramid is attributed to Menkaure, so the upper-bound proxy uses that ruler's approximate reign length: about 18 years.",,This is not a direct construction duration. It is only an upper-bound proxy.,70.0,Pyramid of Menkaure,Menkaure,4,Old Kingdom (c. 2686–2181 BC),Giza,Menkaure is divine,105.46,105.46,65.5,51.34,235.183,29.972378,31.128327,True,IX,Limestone. granite,,pyramid menkaure,menkaure,giza
kaggle,Pyramid G-3c (western),Menkaure,4,Old Kingdom (c. 2686–2181 BC),Giza,21.0,7.0,,completed,,18.0,,reign_window_proxy_only,upper-bound proxy from attributed pharaoh reign length,low,reign_chronology_proxy,"No direct construction duration was found. The pyramid is attributed to Menkaure, so the upper-bound proxy uses that ruler's approximate reign length: about 18 years.",,This is not a direct construction duration. It is only an upper-bound proxy.,70.0,Pyramid G-3c (western),Menkaure,4,Old Kingdom (c. 2686–2181 BC),Giza,-,31.5,31.5,21.0,,7.00,29.971592,31.127274,Step,X,Limestone,Menkaure' wife (?),pyramid g 3c,menkaure,giza
kaggle,Pyramid G-3b (middle),Menkaure,4,Old Kingdom (c. 2686–2181 BC),Giza,21.0,7.0,,completed,,18.0,,reign_window_proxy_only,upper-bound proxy from attributed pharaoh reign length,low,reign_chronology_proxy,"No direct construction duration was found. The pyramid is attributed to Menkaure, so the upper-bound proxy uses that ruler's approximate reign length: about 18 years.",,This is not a direct construction duration. It is only an upper-bound proxy.,70.0,Pyramid G-3b (middle),Menkaure,4,Old Kingdom (c. 2686–2181 BC),Giza,-,31.5,31.5,21.0,,7.00,29.971592,31.127783,Step,XI,Limestone,Menkaure' wife (?),pyramid g 3b,menkaure,giza
kaggle,Pyramid G-3a (eastern),Menkaure,4,Old Kingdom (c. 2686–2181 BC),Giza,28.3,18.69,,completed,,18.0,,reign_window_proxy_only,upper-bound proxy from attributed pharaoh reign length,low,reign_chronology_proxy,"No direct construction duration was found. The pyramid is attributed to Menkaure, so the upper-bound proxy uses that ruler's approximate reign length: about 18 years.",,This is not a direct construction duration. It is only an upper-bound proxy.,70.0,Pyramid G-3a (eastern),Menkaure,4,Old Kingdom (c. 2686–2181 BC),Giza,-,44.4,44.4,28.3,,18.69,29.971592,31.128293,True,XII,Limestone,Menkaure' wife (?),pyramid g 3a,menkaure,giza
kaggle,Mastabat al-Fir'aun,Shepseskaf,4,Old Kingdom (c. 2686–2181 BC),Giza,18.0,148.271,,completed,,4.0,,reign_window_proxy_only,upper-bound proxy from attributed pharaoh reign length,low,reign_chronology_proxy,"No direct construction duration was found. The pyramid is attributed to Shepseskaf, so the upper-bound proxy uses that ruler's approximate reign length: about 4 years.",,This is not a direct construction duration. It is only an upper-bound proxy.,51.0,Mastabat al-Fir'aun,Shepseskaf,4,Old Kingdom (c. 2686–2181 BC),Giza,The Purified Pyramid,99.6,74.4,18.0,70.0,148.271,29.838889,31.215,Step,,Sandstone. Granite. Limestone,Mastaba,mastabat firaun,shepseskaf,giza
kaggle,Step tomb of Khentkaus I,Khentkawes,4,Old Kingdom (c. 2686–2181 BC),Giza,17.5,6.372,,completed,,,,duration_unknown,no usable duration evidence found,unknown,none,,,No direct construction duration or defensible proxy was available.,36.0,Step tomb of Khentkaus I,Khentkawes,4,Old Kingdom (c. 2686–2181 BC),Giza,-,35.5,45.8,17.5,74.0,6.372,29.973306,31.135361,Step,LG100,Bedrock. Limestone,LG 100,step tomb khentkaus i,khentkawes,giza
kaggle,Pyramid Lepsius L,Menkauhor (?),4,Old Kingdom (c. 2686–2181 BC),Dahshur,,,,never_built,,,,unfinished_duration_unknown,classified from original dataset comments/text,medium,dataset_comment,"The pyramid appears unfinished, abandoned, or never built based on the dataset text.",,Do not treat this as zero years. It means the construction duration is unknown.,51.0,Pyramid Lepsius L,Menkauhor (?),4,Old Kingdom (c. 2686–2181 BC),Dahshur,-,85.0,85.0,,,,29.810833,31.212222,-,L,Limestone,Never built. earthwork just started,pyramid lepsius l,menkauhor,dahshur
kaggle,Pyramid of Userkaf,Userkaf,5,Old Kingdom (c. 2686–2181 BC),Saqqara,49.0,87.906,,unknown,,8.0,,reign_window_proxy_only,upper-bound proxy from attributed pharaoh reign length,low,reign_chronology_proxy,"No direct construction duration was found. The pyramid is attributed to Userkaf, so the upper-bound proxy uses that ruler's approximate reign length: about 8 years.",,This is not a direct construction duration. It is only an upper-bound proxy.,54.0,Pyramid of Userkaf,Userkaf,5,Old Kingdom (c. 2686–2181 BC),Saqqara,The pure sites of Userkaf,73.3,73.3,49.0,53.13,87.906,29.873611,31.218889,True,XXXI,Limestone,,pyramid userkaf,userkaf,saqqara
kaggle,Pyramid of Neferhetepes (wife of Userkaf),Neferhetepes ,5,Old Kingdom (c. 2686–2181 BC),Saqqara,17.0,,,unknown,,,,duration_unknown,no usable duration evidence found,unknown,none,,,No direct construction duration or defensible proxy was available.,56.0,Pyramid of Neferhetepes (wife of Userkaf),Neferhetepes ,5,Old Kingdom (c. 2686–2181 BC),Saqqara,-,26.0,26.0,17.0,52.0,,29.87275,31.2186,Smooth-faced,,Limestone,,pyramid neferhetepes,neferhetepes,saqqara
kaggle,Pyramid of Sahure,Sahure,5,Old Kingdom (c. 2686–2181 BC),Abusir,47.0,96.542,,unknown,,13.0,,reign_window_proxy_only,upper-bound proxy from attributed pharaoh reign length,low,reign_chronology_proxy,"No direct construction duration was found. The pyramid is attributed to Sahure, so the upper-bound proxy uses that ruler's approximate reign length: about 13 years.",,This is not a direct construction duration. It is only an upper-bound proxy.,40.0,Pyramid of Sahure,Sahure,5,Old Kingdom (c. 2686–2181 BC),Abusir,The personality (ba) of Sahure appears,78.75,78.75,47.0,50.19,96.542,29.897778,31.203333,True,XVIII,Limestone,,pyramid sahure,sahure,abusir
kaggle,Pyramid of Neferirkare,Neferirkare Kakai,5,Old Kingdom (c. 2686–2181 BC),Abusir,52.0,257.25,,completed,,20.0,,reign_window_proxy_only,upper-bound proxy from attributed pharaoh reign length,low,reign_chronology_proxy,"No direct construction duration was found. The pyramid is attributed to Neferirkare Kakai, so the upper-bound proxy uses that ruler's approximate reign length: about 20 years.",,This is not a direct construction duration. It is only an upper-bound proxy.,56.0,Pyramid of Neferirkare,Neferirkare Kakai,5,Old Kingdom (c. 2686–2181 BC),Abusir,Personality (ba) of Neferirkare,72.0,72.0,52.0,53.13,257.25,29.895,31.2025,Step,XXI,Limestone,Later converted to true type,pyramid neferirkare,neferirkare kakai,abusir
kaggle,Pyramid of Neferefre,Neferefre,5,Old Kingdom (c. 2686–2181 BC),Abusir,,,,unfinished,,,,unfinished_duration_unknown,classified from original dataset comments/text,medium,dataset_comment,"The pyramid appears unfinished, abandoned, or never built based on the dataset text.",,Do not treat this as zero years. It means the construction duration is unknown.,50.0,Pyramid of Neferefre,Neferefre,5,Old Kingdom (c. 2686–2181 BC),Abusir,The power of Neferefre is divine,65.0,65.0,,,,29.893889,31.201667,Smooth-sided,XXVI,Limestone,(unfinished),pyramid neferefre,neferefre,abusir
kaggle,Pyramid of Queen Khentkawes II,Khentkawes II,5,Old Kingdom (c. 2686–2181 BC),Abusir,16.0,,,unknown,,,,duration_unknown,no usable duration evidence found,unknown,none,,,No direct construction duration or defensible proxy was available.,56.0,Pyramid of Queen Khentkawes II,Khentkawes II,5,Old Kingdom (c. 2686–2181 BC),Abusir,King's Wife (King's Mother),25.0,25.0,16.0,52.0,,29.894143,31.202523,True,XXV,Limestone,,pyramid queen khentkawes ii,khentkawes ii,abusir
kaggle,Unfinished pyramid of North Abusir,Shepseskare (?),5,Old Kingdom (c. 2686–2181 BC),Abusir,,,,unfinished,,,,unfinished_duration_unknown,classified from original dataset comments/text,medium,dataset_comment,"The pyramid appears unfinished, abandoned, or never built based on the dataset text.",,Do not treat this as zero years. It means the construction duration is unknown.,36.0,Unfinished pyramid of North Abusir,Shepseskare (?),5,Old Kingdom (c. 2686–2181 BC),Abusir,-,105.0,105.0,,,,29.898664,31.201633,True,XXVIII,Limestone,(unfinished),unfinished pyramid north abusir,shepseskare,abusir
kaggle,Pyramid of Nyuserre,Nyuserre Ini,5,Old Kingdom (c. 2686–2181 BC),Abusir,51.68,112.632,,unknown,,30.0,,reign_window_proxy_only,upper-bound proxy from attributed pharaoh reign length,low,reign_chronology_proxy,"No direct construction duration was found. The pyramid is attributed to Nyuserre Ini, so the upper-bound proxy uses that ruler's approximate reign length: about 30 years.",,This is not a direct construction duration. It is only an upper-bound proxy.,56.0,Pyramid of Nyuserre,Nyuserre Ini,5,Old Kingdom (c. 2686–2181 BC),Abusir,The seats of Niuserre will endure,78.9,78.9,51.68,51.84,112.632,29.895667,31.203556,Smooth-sided,XX,Limestone,,pyramid nyuserre,nyuserre ini,abusir
kaggle,Headless Pyramid,Menkauhor Kaiu,5,Old Kingdom (c. 2686–2181 BC),Saqqara,52.5,,,unknown,,8.0,,reign_window_proxy_only,upper-bound proxy from attributed pharaoh reign length,low,reign_chronology_proxy,"No direct construction duration was found. The pyramid is attributed to Menkauhor Kaiu, so the upper-bound proxy uses that ruler's approximate reign length: about 8 years.",,This is not a direct construction duration. It is only an upper-bound proxy.,51.0,Headless Pyramid,Menkauhor Kaiu,5,Old Kingdom (c. 2686–2181 BC),Saqqara,The divine places of Menkauhor,52.0,52.0,52.5,,,29.875278,31.223611,Smooth-faced,XXIX,Limestone,,headless pyramid,menkauhor kaiu,saqqara
kaggle,Pyramid of Djedkare-Isesi,Djedkare Isesi,5,Old Kingdom (c. 2686–2181 BC),South Saqqara,52.5,107.835,,unknown,,38.0,,reign_window_proxy_only,upper-bound proxy from attributed pharaoh reign length,low,reign_chronology_proxy,"No direct construction duration was found. The pyramid is attributed to Djedkare Isesi, so the upper-bound proxy uses that ruler's approximate reign length: about 38 years.",,This is not a direct construction duration. It is only an upper-bound proxy.,45.0,Pyramid of Djedkare-Isesi,Djedkare Isesi,5,Old Kingdom (c. 2686–2181 BC),South Saqqara,Beautiful is Djedkare,78.75,78.75,52.5,52.0,107.835,29.851111,31.220833,True,XXXVII,Limestone,,pyramid djedkare isesi,djedkare isesi,south saqqara
kaggle,Pyramid of Unas,Unas,5,Old Kingdom (c. 2686–2181 BC),North Saqqara,43.0,47.39,,unknown,,30.0,,reign_window_proxy_only,upper-bound proxy from attributed pharaoh reign length,low,reign_chronology_proxy,"No direct construction duration was found. The pyramid is attributed to Unas, so the upper-bound proxy uses that ruler's approximate reign length: about 30 years.",,This is not a direct construction duration. It is only an upper-bound proxy.,59.0,Pyramid of Unas,Unas,5,Old Kingdom (c. 2686–2181 BC),North Saqqara,The places of Unas are beautiful,57.75,57.75,43.0,56.31,47.39,29.868333,31.214722,Smooth-sided,XXXV,Limestone,,pyramid unas,unas,north saqqara
kaggle,Pyramid of Teti,Teti,6,Old Kingdom (c. 2686–2181 BC),North Saqqara,52.5,107.835,,unknown,,12.0,,reign_window_proxy_only,upper-bound proxy from attributed pharaoh reign length,low,reign_chronology_proxy,"No direct construction duration was found. The pyramid is attributed to Teti, so the upper-bound proxy uses that ruler's approximate reign length: about 12 years.",,This is not a direct construction duration. It is only an upper-bound proxy.,58.0,Pyramid of Teti,Teti,6,Old Kingdom (c. 2686–2181 BC),North Saqqara,The places of Teti are enduring,78.75,78.75,52.5,53.13,107.835,29.875278,31.221667,Smooth-sided,XXX,Limestone,,pyramid teti,teti,north saqqara
kaggle,Pyramid of Pepi I,Pepi I,6,Old Kingdom (c. 2686–2181 BC),South Saqqara,52.5,107.835,,unknown,,49.0,,reign_window_proxy_only,upper-bound proxy from attributed pharaoh reign length,low,reign_chronology_proxy,"No direct construction duration was found. The pyramid is attributed to Pepi I, so the upper-bound proxy uses that ruler's approximate reign length: about 49 years.",,This is not a direct construction duration. It is only an upper-bound proxy.,42.0,Pyramid of Pepi I,Pepi I,6,Old Kingdom (c. 2686–2181 BC),South Saqqara,The beauty of Pepi may endure,78.75,78.75,52.5,53.13,107.835,29.85451,31.21909,True,XXXVI,Limestone,,pyramid pepi i,pepi i,south saqqara
kaggle,Pyramid of Merenre,Merenre,6,Old Kingdom (c. 2686–2181 BC),South Saqqara,52.5,107.835,,unknown,,9.0,,reign_window_proxy_only,upper-bound proxy from attributed pharaoh reign length,low,reign_chronology_proxy,"No direct construction duration was found. The pyramid is attributed to Merenre, so the upper-bound proxy uses that ruler's approximate reign length: about 9 years.",,This is not a direct construction duration. It is only an upper-bound proxy.,47.0,Pyramid of Merenre,Merenre,6,Old Kingdom (c. 2686–2181 BC),South Saqqara,The beauty of Merenre appears,78.75,78.75,52.5,53.13,107.835,29.850556,31.215,True,XXXIX,Limestone,,pyramid merenre,merenre,south saqqara
kaggle,Pyramid of Pepi II,Pepi II,6,Old Kingdom (c. 2686–2181 BC),South Saqqara,52.4,107.835,,unknown,,64.0,,reign_window_proxy_only,upper-bound proxy from attributed pharaoh reign length,low,reign_chronology_proxy,"No direct construction duration was found. The pyramid is attributed to Pepi II, so the upper-bound proxy uses that ruler's approximate reign length: about 64 years.",,This is not a direct construction duration. It is only an upper-bound proxy.,52.0,Pyramid of Pepi II,Pepi II,6,Old Kingdom (c. 2686–2181 BC),South Saqqara,Pepi is established and living,79.0,79.0,52.4,53.13,107.835,29.8403,31.2133,True,XLI,Limestone,,pyramid pepi ii,pepi ii,south saqqara
kaggle,Pyramid of Ibi,Qakare Ibi,8,First Intermediate Period (c. 2181–2055 BC),South Saqqara,21.0,6.994,,unknown,,,,duration_unknown,no usable duration evidence found,unknown,none,,,No direct construction duration or defensible proxy was available.,25.0,Pyramid of Ibi,Qakare Ibi,8,First Intermediate Period (c. 2181–2055 BC),South Saqqara,-,31.5,31.5,21.0,53.11,6.994,29.841667,31.217778,True,XL,Limestone,,pyramid ibi,qakare ibi,south saqqara
kaggle,Pyramid of Khui,Khui,8,First Intermediate Period (c. 2181–2055 BC),Dara,15.0,,,completed,,,,duration_unknown,no usable duration evidence found,unknown,none,,,No direct construction duration or defensible proxy was available.,55.0,Pyramid of Khui,Khui,8,First Intermediate Period (c. 2181–2055 BC),Dara,-,146.0,136.0,15.0,,,27.307778,30.871667,Step,,Limestone,FIP,pyramid khui,khui,dara
kaggle,Pyramid of Amenemhet I,Amenemhat I,12,Middle Kingdom (c. 2055–1650 BC),Lisht,55.0,129.36,,unknown,,29.0,,reign_window_proxy_only,upper-bound proxy from attributed pharaoh reign length,low,reign_chronology_proxy,"No direct construction duration was found. The pyramid is attributed to Amenemhat I, so the upper-bound proxy uses that ruler's approximate reign length: about 29 years.",,This is not a direct construction duration. It is only an upper-bound proxy.,37.0,Pyramid of Amenemhet I,Amenemhat I,12,Middle Kingdom (c. 2055–1650 BC),Lisht,Amenemhat appears at his place,84.0,84.0,55.0,54.46,129.36,29.574722,31.225,Smooth-faced,LX,Limestone,,pyramid amenemhet i,amenemhat i,lisht
kaggle,Pyramid of Senusret I,Senusret I,12,Middle Kingdom (c. 2055–1650 BC),Lisht,61.25,225.093,,unknown,,45.0,,reign_window_proxy_only,upper-bound proxy from attributed pharaoh reign length,low,reign_chronology_proxy,"No direct construction duration was found. The pyramid is attributed to Senusret I, so the upper-bound proxy uses that ruler's approximate reign length: about 45 years.",,This is not a direct construction duration. It is only an upper-bound proxy.,44.0,Pyramid of Senusret I,Senusret I,12,Middle Kingdom (c. 2055–1650 BC),Lisht,Senusret beholds the two lands,105.0,105.0,61.25,49.4,225.093,29.560009,31.220876,Smooth-faced,LXI,Limestone,,pyramid senusret i,senusret i,lisht
kaggle,White Pyramid,Amenemhat II,12,Middle Kingdom (c. 2055–1650 BC),Dahshur,84.0,,,unknown,,35.0,,reign_window_proxy_only,upper-bound proxy from attributed pharaoh reign length,low,reign_chronology_proxy,"No direct construction duration was found. The pyramid is attributed to Amenemhat II, so the upper-bound proxy uses that ruler's approximate reign length: about 35 years.",,This is not a direct construction duration. It is only an upper-bound proxy.,41.0,White Pyramid,Amenemhat II,12,Middle Kingdom (c. 2055–1650 BC),Dahshur,Amenemhat is provided,50.0,50.0,84.0,,,29.805563,31.222781,True,LI,Limestone,,white pyramid,amenemhat ii,dahshur
kaggle,Pyramid of Senusret II,Senusret II,12,Middle Kingdom (c. 2055–1650 BC),El-Lahun,48.6,185.665,,unknown,,19.0,,reign_window_proxy_only,upper-bound proxy from attributed pharaoh reign length,low,reign_chronology_proxy,"No direct construction duration was found. The pyramid is attributed to Senusret II, so the upper-bound proxy uses that ruler's approximate reign length: about 19 years.",,This is not a direct construction duration. It is only an upper-bound proxy.,35.0,Pyramid of Senusret II,Senusret II,12,Middle Kingdom (c. 2055–1650 BC),El-Lahun,Senusret Shines,106.0,106.0,48.6,42.58,185.665,29.233333,30.966667,Smooth-faced,LXVI,Mudbrick,,pyramid senusret ii,senusret ii,lahun
kaggle,Pyramid of Senusret III,Senusret III,12,Middle Kingdom (c. 2055–1650 BC),Dahshur,63.0,288.488,,unknown,20.0,20.0,20.0,manual_source_checked_estimate,manual source-checked construction-duration estimate,medium-low,manual_duration_fix,Source-checked construction duration estimate: approximately 20 years.,,"Treat as an estimate, not an exact engineering duration.",51.0,Pyramid of Senusret III,Senusret III,12,Middle Kingdom (c. 2055–1650 BC),Dahshur,-,105.0,105.0,63.0,56.31,288.488,29.818889,31.225556,True,XLVII,Mudbrick,,pyramid senusret iii,senusret iii,dahshur
kaggle,Black Pyramid,Amenemhat III,12,Middle Kingdom (c. 2055–1650 BC),Dahshur,75.0,274.625,,unknown,,45.0,,reign_window_proxy_only,upper-bound proxy from attributed pharaoh reign length,low,reign_chronology_proxy,"No direct construction duration was found. The pyramid is attributed to Amenemhat III, so the upper-bound proxy uses that ruler's approximate reign length: about 45 years.",,This is not a direct construction duration. It is only an upper-bound proxy.,36.0,Black Pyramid,Amenemhat III,12,Middle Kingdom (c. 2055–1650 BC),Dahshur,Amenemhat is beautiful,105.0,105.0,75.0,57.26,274.625,29.791667,31.223611,True,LVIII,Mudbrick,,black pyramid,amenemhat iii,dahshur
kaggle,Pyramid of Hawara,Amenemhat III,12,Middle Kingdom (c. 2055–1650 BC),Hawara,58.0,200.158,,unknown,,45.0,,reign_window_proxy_only,upper-bound proxy from attributed pharaoh reign length,low,reign_chronology_proxy,"No direct construction duration was found. The pyramid is attributed to Amenemhat III, so the upper-bound proxy uses that ruler's approximate reign length: about 45 years.",,This is not a direct construction duration. It is only an upper-bound proxy.,35.0,Pyramid of Hawara,Amenemhat III,12,Middle Kingdom (c. 2055–1650 BC),Hawara,Amenemhat lives,105.0,105.0,58.0,48.75,200.158,29.27424,30.898973,True,LXVII,Mudbrick,,pyramid hawara,amenemhat iii,hawara
kaggle,Southern Mazghuna pyramid,Amenemhat IV (?),13,Middle Kingdom (c. 2055–1650 BC),Dahshur,,,,unfinished,,,,unfinished_duration_unknown,classified from original dataset comments/text,medium,dataset_comment,"The pyramid appears unfinished, abandoned, or never built based on the dataset text.",,Do not treat this as zero years. It means the construction duration is unknown.,32.0,Southern Mazghuna pyramid,Amenemhat IV (?),13,Middle Kingdom (c. 2055–1650 BC),Dahshur,-,52.5,52.5,,,,29.761667,31.220833,True,,Mudbrick,(unfinished),southern mazghuna pyramid,amenemhat iv,dahshur
kaggle,Northern Mazghuna pyramid,Sobekneferu (?),13,Middle Kingdom (c. 2055–1650 BC),Dahshur,,,,unfinished,,,,unfinished_duration_unknown,classified from original dataset comments/text,medium,dataset_comment,"The pyramid appears unfinished, abandoned, or never built based on the dataset text.",,Do not treat this as zero years. It means the construction duration is unknown.,45.0,Northern Mazghuna pyramid,Sobekneferu (?),13,Middle Kingdom (c. 2055–1650 BC),Dahshur,-,52.5,52.5,,,,29.7675,31.220833,True,LIX,Limestone,(unfinished),northern mazghuna pyramid,sobekneferu,dahshur
kaggle,Pyramid of Ameny Qemau,Ameny Qemau,13,Middle Kingdom (c. 2055–1650 BC),Dahshur,35.0,,,completed,,2.0,,reign_window_proxy_only,upper-bound proxy from attributed pharaoh reign length,low,reign_chronology_proxy,"No direct construction duration was found. The pyramid is attributed to Ameny Qemau, so the upper-bound proxy uses that ruler's approximate reign length: about 2 years.",,This is not a direct construction duration. It is only an upper-bound proxy.,33.0,Pyramid of Ameny Qemau,Ameny Qemau,13,Middle Kingdom (c. 2055–1650 BC),Dahshur,-,52.0,52.0,35.0,53.22,,29.781667,31.221389,True,,Mudbrick,SIP,pyramid ameny qemau,ameny qemau,dahshur
kaggle,Pyramid of Khendjer,Khendjer,13,Middle Kingdom (c. 2055–1650 BC),South Saqqara,37.35,44.096,,completed,,4.0,,reign_window_proxy_only,upper-bound proxy from attributed pharaoh reign length,low,reign_chronology_proxy,"No direct construction duration was found. The pyramid is attributed to Khendjer, so the upper-bound proxy uses that ruler's approximate reign length: about 4 years.",,This is not a direct construction duration. It is only an upper-bound proxy.,52.0,Pyramid of Khendjer,Khendjer,13,Middle Kingdom (c. 2055–1650 BC),South Saqqara,-,52.5,52.5,37.35,55.0,44.096,29.832222,31.223889,True,XLIV,Mudbrick,SIP,pyramid khendjer,khendjer,south saqqara
kaggle,Southern South Saqqara pyramid,Weserkhau (?),13,Middle Kingdom (c. 2055–1650 BC),South Saqqara,,,,completed,,,,duration_unknown,no usable duration evidence found,unknown,none,,,No direct construction duration or defensible proxy was available.,46.0,Southern South Saqqara pyramid,Weserkhau (?),13,Middle Kingdom (c. 2055–1650 BC),South Saqqara,-,78.75,78.75,,,,29.830556,31.222222,True,XLVI,Mudbrick,SIP,southern south saqqara pyramid,weserkhau,south saqqara
kaggle,Tomb S9,Neferhotep I,13,Middle Kingdom (c. 2055–1650 BC),Abydos,,,,completed,,,,duration_unknown,no usable duration evidence found,unknown,none,,,No direct construction duration or defensible proxy was available.,104.0,Tomb S9,Neferhotep I,13,Middle Kingdom (c. 2055–1650 BC),Abydos,-,45.0,60.0,,,,26.171389,31.925,Mastaba,,Mudbrick,SIP,tomb s9,neferhotep i,abydos
kaggle,Tomb S10,Sobekhotep IV,13,Middle Kingdom (c. 2055–1650 BC),Abydos,,,,completed,,,,duration_unknown,no usable duration evidence found,unknown,none,,,No direct construction duration or defensible proxy was available.,112.0,Tomb S10,Sobekhotep IV,13,Middle Kingdom (c. 2055–1650 BC),Abydos,-,40.0,30.0,,,,26.171111,31.924167,Mastaba,,Mudbrick,SIP,tomb s10,sobekhotep iv,abydos
kaggle,Pyramid of Ahmose,Ahmose I,18,New Kingdom (c. 1550–1069 BC),Abydos,40.0,,,unknown,10.0,30.0,20.0,manual_source_checked_range,manual source-checked construction-duration range,medium-low,manual_duration_fix,Source-checked construction duration range: approximately 10–30 years; best estimate is the mean. Computed best estimate: (10 + 30) / 2 = 20 years.,,Range is uncertain; best estimate is computed as the mean of low and high.,72.0,Pyramid of Ahmose,Ahmose I,18,New Kingdom (c. 1550–1069 BC),Abydos,-,52.5,52.5,40.0,60.0,,26.175,31.937778,Cenotaph,,Limestone,,pyramid ahmose,ahmose i,abydos
