test_set,model,accuracy_mean,accuracy_std,balanced_accuracy_mean,balanced_accuracy_std,macro_f1_mean,macro_f1_std
all_classes_to_minimum,"Linear SVM, class weighted",0.6648820512820512,0.02915027121501847,0.6644444444444445,0.02871719289187306,0.6363970630126999,0.03462815541597595
all_classes_to_minimum,"Linear SVM, unweighted",0.6643384615384615,0.029072513103609764,0.6641666666666667,0.028450922111902602,0.6357710560306783,0.03475631239760395
all_classes_to_minimum,"Logistic regression, class weighted",0.657825641025641,0.02916865474515835,0.6571913580246914,0.028592442186446115,0.629797362083134,0.033739576832629466
all_classes_to_minimum,"Logistic regression, unweighted",0.6588512820512821,0.03175625731940514,0.6587654320987654,0.031018621769650822,0.6315892256489914,0.03667196473700508
all_classes_to_minimum,Majority-class baseline,0.31015384615384617,0.0,0.3333333333333333,0.0,0.1578134284016637,0.0
cathedrals_to_castles_keep_pyramids,"Linear SVM, class weighted",0.6367093409198673,0.01992151509627459,0.6850502645502645,0.017675276324501058,0.6390996115871223,0.0202866135200595
cathedrals_to_castles_keep_pyramids,"Linear SVM, unweighted",0.6424513987671882,0.019313849010924974,0.6866216931216932,0.018509882978852383,0.6488196160109289,0.018735713424265613
cathedrals_to_castles_keep_pyramids,"Logistic regression, class weighted",0.6265101944049313,0.024042440853681235,0.6762239858906526,0.02090400613765137,0.6292086165196517,0.023813180329095723
cathedrals_to_castles_keep_pyramids,"Logistic regression, unweighted",0.6345756282598388,0.02602468470145851,0.6768562610229277,0.02367669376582144,0.6423071206732632,0.024319305179413667
cathedrals_to_castles_keep_pyramids,Majority-class baseline,0.3775533428165007,0.004906227365256849,0.3333333333333333,0.0,0.182701841259,0.0017137378605299395
