model,outer_fold,accuracy,balanced_accuracy,macro_f1
Majority-class baseline,1,0.7012987012987013,0.3333333333333333,0.2748091603053435
Majority-class baseline,2,0.7012987012987013,0.3333333333333333,0.2748091603053435
Majority-class baseline,3,0.7012987012987013,0.3333333333333333,0.2748091603053435
Majority-class baseline,4,0.6973684210526315,0.3333333333333333,0.2739018087855297
Majority-class baseline,5,0.6973684210526315,0.3333333333333333,0.2739018087855297
"RBF SVM, class weighted",1,0.8051948051948052,0.8192239858906526,0.7512986081216817
"RBF SVM, class weighted",2,0.7012987012987013,0.7698412698412698,0.6801678108314264
"RBF SVM, class weighted",3,0.7402597402597403,0.7222222222222222,0.6606826434277414
"RBF SVM, class weighted",4,0.7105263157894737,0.7182389937106919,0.6443816795472651
"RBF SVM, class weighted",5,0.6842105263157895,0.689727463312369,0.599791013584117
"Random forest, class weighted",1,0.8181818181818182,0.8077601410934744,0.758075258075258
"Random forest, class weighted",2,0.8311688311688312,0.8492063492063492,0.7938744661208673
"Random forest, class weighted",3,0.8181818181818182,0.8121693121693122,0.7729825660298569
"Random forest, class weighted",4,0.6973684210526315,0.6571278825995807,0.6186071238702818
"Random forest, class weighted",5,0.6973684210526315,0.7278825995807128,0.6450067687181089
Gradient boosting,1,0.8311688311688312,0.7522045855379189,0.7613571613571614
Gradient boosting,2,0.8441558441558441,0.7098765432098765,0.7563669145819247
Gradient boosting,3,0.8051948051948052,0.6869488536155203,0.7031720715931242
Gradient boosting,4,0.7368421052631579,0.5768867924528301,0.5799441786283891
Gradient boosting,5,0.8552631578947368,0.7874213836477987,0.768826242510453
