row_index,study_id,monument_type,name,site_or_city,raw_start,raw_end,matched_to,corrected_text,notes,similarity
2,CAT_0003,cathedral,Primatiale Saint-Trophime,Arles,700.0,1500.0,"Saint-Trophime, Arles",**late 11th/early 12th–c. 1150**,"Current Romanesque church was built late 11th/early 12th; nave/tower completed second quarter 12th. Gothic chevet replacement was 1454–1465, but that is a later phase. ([Wikipedia][3])",0.7407407407407407
21,CAT_0023,cathedral,Cathédrale Saint-Véran,Cavaillon,1000.0,1400.0,Cavaillon Cathedral,**11th–13th c.**,Source gives Romanesque building built in the 11th–13th century; current 1000–1400 overextends. ([Wikipedia][22]),0.4074074074074074
82,CAT_0087,cathedral,Cathédrale de Sion,Sion,700.0,1520.0,Sion Cathedral,**late 15th–early 16th c.**,Current Gothic cathedral was built in the second half of the 15th to early 16th century; earlier Carolingian/Romanesque phases should not define the present building. ([Wikipedia][1]),0.35
102,CAT_0109,cathedral,Duomo,Ravenna,350.0,1745.0,Ravenna Cathedral,**early 5th c.; 18th c. rebuild**,Original cathedral was early 5th century; current Baroque cathedral is 18th-century rebuild. Keep only with explicit phase decision. ([Wikipedia][19]),0.5454545454545454
105,CAT_0112,cathedral,Dom,Paderborn,800.0,1250.0,Paderborn Cathedral,**before 1220–late 13th c.**,Current cathedral began before 1220 and was completed in the late 13th century; earlier Charlemagne-era churches are previous structures. ([Wikipedia][22]),0.6285714285714286
110,CAT_0117,cathedral,Cathédrale de la Major,Marseille,700.0,1200.0,"Marseille, La Major",**12th c. old cathedral**,Old cathedral remnants are 12th-century Romanesque; new cathedral is 1852–1896 and should be separate. ([Wikipedia][27]),0.41509433962264153
111,CAT_0118,cathedral,Basilique Saint-Nazaire,Carcassonne,700.0,1329.0,"Saint-Nazaire, Carcassonne",**1096–early 14th c.**,"Materials blessed in 1096, Romanesque completed first half of 12th c., Gothic reconstruction at end of 13th c. ([Wikipedia][28])",0.7936507936507936
112,CAT_0119,cathedral,Dom Sankt Peter,Osnabrueck (Osnabrück),770.0,1500.0,Osnabrück Cathedral,**c. 1100–13th c.**,"Present version developed gradually after fire around 1100, with major 11th–13th-century phases. ([Wikipedia][29])",0.4166666666666667
113,CAT_0120,cathedral,Cathédrale Saint-Dié,St Die (Saint-Dié-des-Vosges),700.0,1800.0,Saint-Dié Cathedral,**12th–13th c.**,Current fabric includes Romanesque nave and Gothic choir with 13th-century cloister; earlier monastery is foundation history. ([Wikipedia][30]),0.5306122448979592
114,CAT_0121,cathedral,Cathédrale Saint-Pierre,Montpellier,1364.0,1368.0,Montpellier Cathedral,**1364–17th c. rebuild**,"Founded as monastery church in 1364, later damaged and rebuilt in the 17th century. The 4-year raw duration is too narrow. ([Wikipedia][31])",0.4406779661016949
115,CAT_0122,cathedral,Dom zu Eichstätt,Eichstaett (Eichstätt),740.0,1400.0,Eichstätt Cathedral,**11th c.–14th c.**,Current building is essentially 11th-century with significant medieval fabric; bells/fabric show 13th–14th-century elements. ([Wikipedia][32]),0.5714285714285714
136,CAT_0146,cathedral,Duomo vecchio,Brescia,900.0,1200.0,"Duomo Vecchio, Brescia",**c. 1100–12th c.**,Earliest documents state construction began about 1100 on a prior church. ([Wikipedia][51]),0.9333333333333333
137,CAT_0147,cathedral,Chiesa di Santa Maria Maggiore e San Leoluca,Vibo Valentia,800.0,1723.0,"Santa Maria Maggiore e San Leoluca, Vibo Valentia","**9th c.**, broad",Built in the 9th century over a Byzantine basilica; later restorations should not stretch duration to 1723. ([Wikipedia][1]),0.8807339449541285
143,CAT_0153,cathedral,Cathédrale Notre-Dame,Grenoble,1000.0,1500.0,Grenoble Cathedral,"**mid-13th c.**, broad","Earlier mention in 902, but cathedral and St Hugh’s church rebuilt in mid-13th century. ([Wikipedia][7])",0.39215686274509803
146,CAT_0156,cathedral,Cathédrale Saint-Vincent,St Malo (Saint-Malo),800.0,1631.0,Saint-Malo Cathedral,"**12th–17th c.**, broad",Keep as broad multi-phase medieval/early modern fabric.,0.43636363636363634
163,CAT_0174,cathedral,San Lorenzo,Viterbo,1100.0,1600.0,"San Lorenzo, Viterbo","**12th c.–16th c.**, broad",Keep broad multi-phase.,0.926829268292683
164,CAT_0175,cathedral,Duomo di San Cataldo,Taranto,900.0,1300.0,Taranto Cathedral,"**10th–11th c.**, broad",Keep medieval core; later Baroque alterations separate.,0.375
167,CAT_0178,cathedral,Llandaff Cathedral,Cardiff,1120.0,1843.0,Llandaff Cathedral,"**1120–15th c.**, broad",Keep medieval fabric; exclude 19th-century restoration from duration.,0.7659574468085106
182,CAT_0193,cathedral,Concattedrale di Bitonto,Bitonto,1089.0,1300.0,Bitonto Co-Cathedral,**late 11th–12th/13th c.**,Keep broad.,0.4
184,CAT_0195,cathedral,Cattedrale di Santa Maria Assunta,Conversano,1100.0,1379.0,Conversano Cathedral,**11th–14th c.**,Keep broad.,0.3582089552238806
197,CAT_0210,cathedral,Cattedrale di Sant'Emidio,Ascoli Piceno,400.0,1539.0,Ascoli Piceno Cathedral,"**11th–16th c.**, broad","Keep as multi-phase medieval/Renaissance fabric, not 4th-century origin.",0.46153846153846156
200,CAT_0213,cathedral,Chiesa di San Siro,Genova,500.0,1700.0,"San Siro, Genoa","**1580s–1619/17th c.**, approx.",Present church substantially rebuilt in late 16th/early 17th c.,0.6666666666666666
202,CAT_0216,cathedral,Dom St. Peter und Paul,Brandenburg (Brandenburg an der Havel),1170.0,1370.0,Brandenburg Cathedral,**1165/1170–14th c.**,Keep broad.,0.45614035087719296
223,CAT_0237,cathedral,Cathédrale Notre-Dame,Tournai (Doornik),1066.0,1255.0,Tournai Cathedral,**12th c.–1255**,Romanesque nave/transept began in 12th century; Gothic choir built 1242–1255. Use **c.1100–1255** if numeric needed. ([Wikipedia][13]),0.3673469387755102
233,CAT_0248,cathedral,cattedrale di santa maria assunto,Reggio nell Emilia,1599.0,1623.0,Reggio Emilia Cathedral,"**9th–12th c. core**, or **second half 16th c. rebuild**",Source says built in the 9th–12th centuries and rebuilt in the second half of the 16th century. Use the 16th-century rebuild only if modeling present fabric. ([Wikipedia][18]),0.38461538461538464
250,CAT_0265,cathedral,Cathédrale Saint-Michel,Carcassonne,800.0,1370.0,Carcassonne Saint-Michel Cathedral,**13th c.–14th c. rebuild**,"Built in the 13th century as a parish church, then rebuilt as a fortified church after 14th-century war damage. ([Wikipedia][3])",0.6388888888888888
259,CAT_0274,cathedral,Cathédrale Sainte-Marie,Bayonne,700.0,1600.0,Bayonne Cathedral,**13th c.–early 17th c.**,"Present Gothic cathedral began in the 13th century and was completed at the beginning of the 17th century, excluding 19th-century spires. ([Wikipedia][11])",0.35294117647058826
264,CAT_0279,cathedral,Église Saint-Étienne de la Cité,Perigueux (Périgueux),700.0,1200.0,"Saint-Étienne de la Cité, Périgueux",**11th–12th c.**,Former cathedral of Périgueux; keep as broad Romanesque medieval span if retained.,0.8461538461538461
267,CAT_0282,cathedral,Duomo di Bergamo,Bergamo,1400.0,1900.0,Bergamo Cathedral,**mid-15th c.–1689** or **mid-15th c.–1889 full**,"Rebuilding commissioned in the mid-15th century; major refurbishing in 1689 and west front completed 1889. For premodern, use mid-15th c.–1689. ([Wikipedia][18])",0.45454545454545453
82,CAT_0087,cathedral,Cathédrale de Sion,Sion,700.0,1520.0,Vannes Cathedral,**15th–16th c.**,"Romanesque tower survives, but visible late Gothic fabric and north transept/portal belong mainly to 15th–16th-century campaigns. ([Wikipedia][19])",0.38095238095238093
269,CAT_0284,cathedral,Cathédrale Saint-André,Bordeaux,700.0,1350.0,Bordeaux Cathedral,**13th–1500**,Gothic transformation began in the early 13th century; choir under construction by 1320 and separate bell tower built 1440–1500. ([Wikipedia][20]),0.38461538461538464
277,CAT_0292,cathedral,Cathédrale Notre-Dame-des-Doms,Avignon,700.0,1160.0,Avignon Notre-Dame-des-Doms,**12th c.–1160**,Keep as Romanesque cathedral phase; early 700 is site/older church history.,0.6176470588235294
279,CAT_0294,cathedral,Duomo,Terni,500.0,1700.0,Terni Cathedral,"**17th c. rebuild**, broad",Keep only as early modern rebuild; early 500 belongs to earlier Christian foundation.,0.4827586206896552
281,CAT_0297,cathedral,Carlisle Cathedral,Carlisle,1122.0,1420.0,Carlisle Cathedral,"**1122–13th c.**, broad",Cathedral priory founded and church begun in 1122; later medieval work produced the existing structure. ([Wikipedia][25]),0.75
