monument_type,monument_from_notes,site_or_city_from_notes,raw_start,raw_end,corrected_start,corrected_end,corrected_duration,action,status_from_notes,correction_status_from_notes,corrected_text,notes_from_notes,source_parser,date_confidence_manual
cathedral,"Johanniskirche, Mainz",,700.0,1100.0,910.0,1000.0,90.0,drop,Review,,**before 910–c. 1000**,Source gives construction start **before 910** and identifies it as late Carolingian / early Ottonian; exact completion is not clean enough for modeling. ([Wikipedia][1]),markdown_table,high_numeric
cathedral,Erfurter Dom,,752.0,1465.0,1150.0,1465.0,315.0,keep,"Keep, broad",,**c. 1150–1465**,"742 is site/foundation history, not present cathedral construction. Present architectural history begins with a Romanesque basilica in the mid-12th century and Gothic work in the 14th–15th centuries. ([Wikipedia][2])",markdown_table,medium_broad_or_phase_choice
cathedral,"Saint-Trophime, Arles",,700.0,1500.0,,,,keep,"Keep, core only",,**late 11th/early 12th–c. 1150**,"Current Romanesque church was built late 11th/early 12th; nave/tower completed second quarter 12th. Gothic chevet replacement was 1454–1465, but that is a later phase. ([Wikipedia][3])",markdown_table,high_numeric
cathedral,Chartres Cathedral,,1134.0,1260.0,1194.0,1260.0,66.0,keep,Keep,,**1194–1260**,1134 is Royal Portal/tower phase; main present Gothic rebuilding began after the 1194 fire and consecration was in 1260. ([Wikipedia][4]),markdown_table,high_numeric
cathedral,Trapani Cathedral,,1421.0,1801.0,1420.0,1801.0,381.0,drop,Review,,**c. 1420–1801** or **1700–1801**,"Early-15th-century reorganization is plausible, but present Baroque identity is mainly 18th century, with façade begun 1736 and decoration in 1801. Choose based on whether you want institutional fabric or present architectural form. ([Wikipedia][5])",markdown_table,high_numeric
cathedral,Beauvais Cathedral,,1225.0,1347.0,1225.0,1600.0,375.0,keep,Keep,,**1225–1600**,"1347 undercounts; construction began 1225, choir completed 1272, transept built 16th c., and nave work halted finally in 1600. ([Wikipedia][6])",markdown_table,high_numeric
cathedral,Turin Cathedral,,1491.0,1498.0,1491.0,1498.0,7.0,keep,Keep,,**1491–1498**,This one is correct for the Renaissance cathedral body. ([Wikipedia][7]),markdown_table,high_numeric
cathedral,Meaux Cathedral,,1175.0,1540.0,1170.0,1600.0,430.0,keep,"Keep, broad",,**c. 1170–1600s**,Construction began about 1170; source lists completion in the 17th century. ([Wikipedia][8]),markdown_table,medium_broad_or_phase_choice
cathedral,Châlons Cathedral,,1240.0,1500.0,1147.0,1500.0,353.0,drop,Review,,**c. 1147–1500?**,The source confirms consecration in 1147 but not a clean construction span; current 1240–1500 may be a later Gothic phase. Needs a stronger source before overwriting. ([Wikipedia][9]),markdown_table,high_numeric
cathedral,Rieti Cathedral,,200.0,1300.0,1109.0,1225.0,116.0,keep,Keep,,**1109–1225**,Current cathedral begun 1109; lower church consecrated 1137; upper church consecrated 1225. ([Wikipedia][10]),markdown_table,high_numeric
cathedral,Vienne Cathedral,,700.0,1527.0,1130.0,1529.0,399.0,keep,Keep,,**c. 1130–1529**,Present building began about 1130; façade capstone/last stone in 1529. ([Wikipedia][11]),markdown_table,high_numeric
cathedral,Uzès Cathedral,,1090.0,1120.0,,,,drop,Review/drop,,**17th–19th c.**,"Source says present church is Neoclassical, with groundbreaking in 17th century and completion in 19th century. The 1090–1120 dates likely refer to an earlier cathedral. ([Wikipedia][12])",markdown_table,high_numeric
cathedral,Cosenza Cathedral,,1000.0,1200.0,1185.0,1222.0,37.0,keep,Keep,,**c. 1185–1222**,"Earlier cathedral was 11th c., destroyed in 1184; rebuilt and completed/consecrated in 1222. ([Wikipedia][13])",markdown_table,high_numeric
cathedral,Chalon Cathedral,,1090.0,1520.0,1090.0,1522.0,432.0,keep,Keep,,**1090–1522**,Source gives Romanesque work from 1090 and Gothic campaigns through 1522. ([Wikipedia][14]),markdown_table,high_numeric
cathedral,Tarbes Cathedral,,1100.0,1400.0,,,,keep,"Keep, broad",,**12th c.–14th c.**,Original building 12th century; Gothic nave extension in 14th century. Current numeric range is acceptable as a broad proxy. ([Wikipedia][15]),markdown_table,medium_broad_or_phase_choice
cathedral,Bamberg Cathedral,,950.0,1237.0,1185.0,1237.0,52.0,keep,Keep,,**1185–1237**,950/1002 belongs to earlier buildings. Current cathedral was erected after the 1185 fire and consecrated in 1237. ([Wikipedia][16]),markdown_table,high_numeric
cathedral,Perugia Cathedral,,1345.0,1490.0,1345.0,1490.0,145.0,keep,Keep,,**1345–1490**,Correct. ([Wikipedia][17]),markdown_table,high_numeric
cathedral,Naples Cathedral,,1200.0,2000.0,1272.0,1341.0,69.0,keep,Keep,,**1272–1341**,Present Angevin cathedral was built under Charles of Anjou beginning 1272 and completed in the early 14th century / 1341. ([Wikipedia][18]),markdown_table,high_numeric
cathedral,Autun Cathedral,,700.0,1469.0,1120.0,1146.0,26.0,keep,Keep,,**1120–1146**,"Earlier cathedral history should not be used. Saint-Lazare began c.1120, mostly finished by 1146; 1462–1469 is later belfry work. ([Wikipedia][19])",markdown_table,high_numeric
cathedral,Asti Cathedral,,1266.0,1470.0,1266.0,1470.0,204.0,keep,Keep,,**1266–c. 1470**,1266 bell tower and major medieval/Gothic building history are plausible; exact final date needs stronger source but current range is defensible. ([Wikipedia][20]),markdown_table,high_numeric
cathedral,Angers Cathedral,,1143.0,1240.0,1140.0,1274.0,134.0,keep,Keep,,**c. 1140–1274**,Gothic rebuilding began mid-12th century; choir/transept phase continued 1235–1274. ([Wikipedia][21]),markdown_table,high_numeric
cathedral,Cavaillon Cathedral,,1000.0,1400.0,,,,keep,"Keep, broad",,**11th–13th c.**,Source gives Romanesque building built in the 11th–13th century; current 1000–1400 overextends. ([Wikipedia][22]),markdown_table,medium_broad_or_phase_choice
cathedral,Nevers Cathedral,,700.0,1331.0,1068.0,1528.0,460.0,keep,"Keep, multi-phase",,**1068–1528**,"Rebuilt from 1068, consecrated 1097; later Gothic rebuilding and tower work completed 1528. ([Wikipedia][23])",markdown_table,high_numeric
cathedral,"St Machar, Aberdeen",,1130.0,1530.0,1131.0,1530.0,399.0,keep,Keep,,**1131–1530**,Norman cathedral began after see transfer in 1131; current medieval fabric developed afterward. Source confirms 1131 origin. ([Wikipedia][24]),markdown_table,high_numeric
cathedral,Pesaro Cathedral,,1100.0,2000.0,,,,drop,Review/drop,,**6th c.; later expansions/restorations**,"Source says cathedral was constructed in the 6th century, with later expansion and 1865 renovations. Not clean enough for a single construction duration. ([Wikipedia][25])",markdown_table,high_numeric
cathedral,Lisieux Cathedral,,700.0,1230.0,1160.0,1250.0,90.0,keep,"Keep, define phase",,**1160–1250/1553**,Full rebuilding began in 1160; lantern tower built 1250; southwest tower 1553. For main Gothic core use 1160–1250. ([Wikipedia][26]),markdown_table,medium_broad_or_phase_choice
cathedral,Alès Cathedral,,1100.0,1500.0,,,,drop,Review/drop,,**1694–18th c.**,Diocese established 1694 and cathedral construction began then; current dates are wrong. ([Wikipedia][27]),markdown_table,high_numeric
cathedral,Padua Cathedral,,300.0,1754.0,1551.0,1754.0,203.0,keep,Keep,,**1551–1754**,Present Renaissance building began 1551 and completed/consecrated 1754. ([Wikipedia][28]),markdown_table,high_numeric
cathedral,Bayeux Cathedral,,1040.0,1420.0,1180.0,1255.0,75.0,drop,Review,,**1046–1080** or **1180–1255**,1046–1080 is Romanesque cathedral; 1180–1255 is Gothic rebuilding. Do not use 1040–1420 as one continuous span. ([Wikipedia][29]),markdown_table,high_numeric
cathedral,Béziers Cathedral,,1250.0,1450.0,,,,drop,Review,,**after 1209 / 13th c.**,Source says current edifice dates from the 13th century after the earlier building was destroyed in the Albigensian Crusade. Exact end not provided. ([Wikipedia][30]),markdown_table,high_numeric
cathedral,Urbino Cathedral,,1021.0,1700.0,1789.0,1801.0,12.0,drop,Review,,**15th c.–1604** or **1789–1801**,First cathedral 1021; Renaissance rebuild completed 1604; earthquake reconstruction completed 1801. Current 1021–1700 mixes phases. ([Wikipedia][31]),markdown_table,high_numeric
cathedral,Città di Castello Cathedral,,600.0,1600.0,1466.0,1529.0,63.0,keep,Keep,,**1466–1529**,"Tradition says founded in 6th c., but Renaissance rebuild occurred 1466–1529 and consecrated 1540. ([Wikipedia][32])",markdown_table,high_numeric
cathedral,Lyon Cathedral,,1165.0,1332.0,1180.0,1476.0,296.0,keep,Keep,,**1180–1476/1480**,Source gives begun 1180 and completed 1476/1480. ([Wikipedia][33]),markdown_table,high_numeric
cathedral,Saintes Cathedral,,700.0,1700.0,1450.0,1568.0,118.0,keep,Keep,,**1450–1568**,"Earlier 12th-century fabric remains, but the church was largely rebuilt from 1450 and still unfinished in 1568. ([Wikipedia][34])",markdown_table,high_numeric
cathedral,Basel Minster,,1180.0,1420.0,1180.0,1500.0,320.0,keep,"Keep, define phase",,**1019–1500** or **c. 1180–1500**,Original cathedral 1019–1500; standing late Romanesque/Gothic structure mostly from late 12th century and completed 1500. ([Wikipedia][35]),markdown_table,medium_broad_or_phase_choice
cathedral,Ivrea Cathedral,,800.0,1854.0,1516.0,1854.0,338.0,drop,Review,,**969/1005–12th c.** or **1516–1854 phase**,"Early Christian church existed earlier; Romanesque rebuilding under Bishop Warmund, completed in 12th c.; 1854 is façade remodeling. ([Wikipedia][36])",markdown_table,high_numeric
cathedral,"Duomo Antico, Milazzo",,1607.0,350.0,1607.0,1642.0,35.0,keep,Keep,,**1607–1642**,"Current `end_year=350` is definitely wrong. Source gives construction from 1607, consecration 1616, final works completed 1642. ([Wikipedia][37])",markdown_table,high_numeric
cathedral,"Basilica di San Marco, Venice",,1063.0,1617.0,1063.0,1094.0,31.0,keep,Keep,,**1063–1094**,Major Contarini church rebuilt from 1063; dedication/relic placement in 1094. Later decoration phases should not extend construction duration to 1617. ([Wikipedia][38]),markdown_table,high_numeric
cathedral,Duomo di Rovigo,,964.0,1791.0,1067.0,1073.0,6.0,drop,Review,,"**1067–1073**, or **1696–1791 phase**",964 is first documentary mention; new church began 1067 and became collegiate around 1073. Later rebuilding in 1696 and dome work 1770–1791 are separate phases. ([Wikipedia][39]),markdown_table,high_numeric
cathedral,Verona Cathedral,,800.0,1140.0,1117.0,1187.0,70.0,keep,Keep,,**1117–1187**,Present cathedral was erected after the 1117 earthquake and consecrated in 1187. ([Wikipedia][40]),markdown_table,high_numeric
cathedral,Vicenza Cathedral,,700.0,2000.0,1482.0,1560.0,78.0,keep,Keep,,**1482–1560s**,Present cathedral construction began in 1482 and was completed in the 1560s; WWII reconstruction should not extend construction to 2000. ([Wikipedia][41]),markdown_table,high_numeric
cathedral,Cattedrale di San Romolo / Fiesole Cathedral,,1028.0,1260.0,1028.0,1260.0,232.0,keep,Keep,,**1028–1260**,"Present cathedral founded in 1028; expanded in the 13th century, with inscriptions around 1201, 1256, and 1260. ([Wikipedia][1])",markdown_table,high_numeric
cathedral,Senlis Cathedral,,1151.0,1191.0,1151.0,1191.0,40.0,keep,Keep,,**1151/1153–1191**,Current church started around 1151/1153 and was consecrated in 1191. ([Wikipedia][2]),markdown_table,high_numeric
cathedral,Arras Cathedral,,700.0,1435.0,1030.0,1396.0,366.0,drop,Review/drop,,**1755–1834** for current cathedral; **1030–1396** for destroyed old cathedral,"The current Notre-Dame-et-Saint-Vaast cathedral is the former abbey church begun in the 1750s and completed in 1834. The medieval cathedral was a different, destroyed building. ([Wikipedia][3])",markdown_table,high_numeric
cathedral,Minden Cathedral,,820.0,1290.0,,,,drop,Review,,**803–? / review**,"Groundbreaking is listed as 803, but the building grew over centuries and I did not find a clean defensible end date from the quick pass. ([Wikipedia][4])",markdown_table,high_numeric
cathedral,Laon Cathedral,,1135.0,1235.0,1160.0,1230.0,70.0,keep,Keep,,**c. 1160–1230**,Present cathedral began in the late 1150s/around 1160 and was essentially completed by 1230. ([Wikipedia][5]),markdown_table,high_numeric
cathedral,Dax Cathedral,,1000.0,1300.0,,,,drop,Review/drop,,**1694–19th c.**,Present cathedral was built from 1694 onward after the medieval Gothic cathedral collapsed in 1646. Raw medieval dates are not for the present building. ([Wikipedia][6]),markdown_table,high_numeric
cathedral,Salisbury Cathedral,,1092.0,1934.0,1220.0,1330.0,110.0,keep,Keep,,**1220–1258** core; **1220–1330** with tower/spire,"1092 is Old Sarum Cathedral, not the present Salisbury Cathedral. Present building foundation stones were laid in 1220; nave/transepts/choir complete by 1258; tower/spire later. ([Wikipedia][7])",markdown_table,high_numeric
cathedral,Spoleto Cathedral,,800.0,1800.0,1151.0,1227.0,76.0,keep,Keep,,**1151–1227**,"Present cathedral was constructed between 1151 and 1227, replacing an earlier church. ([Wikipedia][8])",markdown_table,high_numeric
cathedral,Faenza Cathedral,,1474.0,1515.0,1474.0,1515.0,41.0,keep,Keep,,**1474–1515**,Correct. Construction began in 1474 and finished in 1515. ([Wikipedia][9]),markdown_table,high_numeric
cathedral,Aire Cathedral,,1060.0,1300.0,,,,drop,Review,,**11th/12th c.–17th c. alterations**,"Source describes origins in the 11th–12th centuries and major alterations from the 14th to 17th centuries, but not a clean construction span. ([Wikipedia][10])",markdown_table,high_numeric
cathedral,Cesena Cathedral,,1385.0,2000.0,1385.0,1404.0,19.0,keep,Keep,,**1385–c. 1404/1405**,Construction started in 1385 and was completed around 1404/1405; 2000 is not a construction end date. ([Wikipedia][11]),markdown_table,high_numeric
cathedral,Mainz Cathedral,,1085.0,1400.0,975.0,1036.0,61.0,keep,Keep,,**975/976–1036** core,The main Ottonian/Romanesque cathedral was begun under Willigis around 975/976; dedicated in 1009 and main portions complete by 1036. ([Wikipedia][12]),markdown_table,high_numeric
cathedral,Palmi Cathedral,,1300.0,1932.0,1909.0,1932.0,23.0,drop,Drop for premodern model,,**1909–1932 / current building**,Current church opened in 1932 after demolition of the earthquake-damaged earlier church. Raw medieval start is not usable for the current building. ([Wikipedia][13]),markdown_table,high_numeric
cathedral,Duomo di Montagnana,,1000.0,1502.0,1431.0,1502.0,71.0,keep,Keep,,**1431–1502**,Present church was built between 1431 and 1502. ([Wikipedia][14]),markdown_table,high_numeric
cathedral,Aosta Cathedral,,300.0,1848.0,,,,drop,Review,,"**11th c.–1025 core**, or review","A 4th-century church existed, but the Palaeo-Christian structure was replaced in the 11th century; 1846–1848 is only the Neoclassical façade. ([Wikipedia][15])",markdown_table,high_numeric
cathedral,Basilica di Santa Trofimena,,1747.0,1900.0,,,,drop,Review/drop depending cutoff,,**1747–early 19th c.**,Present church began in 1747 and was completed at the beginning of the next century; the raw 1900 endpoint is too late. ([Wikipedia][16]),markdown_table,high_numeric
cathedral,"Duomo, Enna",,1307.0,1311.0,,,,drop,Review,,**1307–? / review**,I did not get a strong source in this pass. The four-year duration is suspicious and should not be accepted without checking a dedicated source.,markdown_table,high_numeric
cathedral,"San Giorgio fuori le mura, Ferrara",,600.0,1800.0,,,,drop,Review/drop,,**15th c. rebuild / 1581 rebuild / review**,"This is the old extra-mural church, not the main Ferrara Cathedral. It was rebuilt in the 15th century and again in 1581, with later changes. ([Wikipedia][17])",markdown_table,high_numeric
cathedral,Como Cathedral,,1396.0,1740.0,1396.0,1770.0,374.0,keep,Keep,,**1396–1770**,"Construction began in 1396 and did not finish until the Rococo cupola was completed in 1770; some summaries use 1740, but the more detailed source says 1770. ([Wikipedia][18])",markdown_table,high_numeric
cathedral,Fossano Cathedral,,1200.0,1300.0,1778.0,1791.0,13.0,drop,Drop for premodern model,,**1778–1791**,Current cathedral was built 1778–1791; the older church/tower history should not be used as the present cathedral construction span. ([Wikipedia][19]),markdown_table,high_numeric
cathedral,Parma Cathedral,,700.0,1178.0,1058.0,1178.0,120.0,keep,Keep,,**1058–1178**,"New cathedral began after the 1058 fire; consecrated in 1106, damaged in 1117, façade completed in 1178. ([Wikipedia][20])",markdown_table,high_numeric
cathedral,Prato Cathedral,,1100.0,1400.0,,,,keep,Review/keep broad,,**1211–early 15th c.**,"Earlier church is documented by 994; rebuilding/expansion begins around 1211, with major 14th–15th-century additions. ([Wikipedia][21])",markdown_table,medium_broad_or_phase_choice
cathedral,Lucca Cathedral,,1000.0,1200.0,1060.0,1204.0,144.0,keep,Keep,,**1060–1204** core/façade start,"Current cathedral began in 1060, consecrated in 1070, and west front began in 1204; later Gothic rebuilding followed. ([Wikipedia][22])",markdown_table,high_numeric
cathedral,Konstanz Minster,,590.0,1500.0,615.0,1525.0,910.0,drop,Review,,**615–1525 / review**,First mention around 615; Gothic adaptation 1418–1525. Raw 590 is too early; this needs a phase decision. ([Wikipedia][23]),markdown_table,high_numeric
cathedral,Norwich Cathedral,,1096.0,1101.0,1096.0,1145.0,49.0,keep,Keep,,**1096–1145**,Construction began in 1096; entire cathedral completed by 1145. The raw 1101 endpoint is too short. ([Wikipedia][24]),markdown_table,high_numeric
cathedral,Massa Cathedral,,1400.0,1936.0,1660.0,1670.0,10.0,drop,Review/drop,,**1660–1670** for current St Francis church; review,Current cathedral status belongs to the former St Francis church; it was reconstructed 1660–1670. The raw range mixes old pieve/cathedral status and later history. ([Wikipedia][25]),markdown_table,high_numeric
cathedral,Frosinone Cathedral,,700.0,1200.0,,,,drop,Review/drop,,**18th c. remodel / review**,Source only clearly says it was extensively remodeled in the 18th century and became a cathedral in 1986; raw medieval range is not supported by this pass. ([Wikipedia][26]),markdown_table,high_numeric
cathedral,Avellino Cathedral,,1132.0,1166.0,1132.0,1166.0,34.0,keep,Keep,,**1132–1166**,Correct for the Romanesque cathedral. ([Wikipedia][27]),markdown_table,high_numeric
cathedral,Nicosia Cathedral,,1280.0,1300.0,1302.0,1340.0,38.0,keep,Keep,,**1302–1340**,Larger church begun by 1302 and completed in 1340. ([Wikipedia][28]),markdown_table,high_numeric
cathedral,Zeitz Cathedral,,900.0,1250.0,,,,drop,Review,,**review**,I did not get a reliable source in this pass; raw dates should not be accepted yet.,markdown_table,high_numeric
cathedral,Catanzaro Cathedral,,1121.0,1121.0,,,,drop,Review/drop,,**review**,Same-year duration is clearly unusable without source checking.,markdown_table,high_numeric
cathedral,Cambrai Cathedral,,1054.0,1703.0,1696.0,1703.0,7.0,drop,Drop/review,,**1696–1703** current cathedral; old cathedral separate,Present cathedral was built 1696–1703 as the abbey church of Saint-Sépulcre; old medieval cathedral was destroyed. ([Wikipedia][29]),markdown_table,high_numeric
cathedral,Notre-Dame de Paris,,1160.0,1345.0,1163.0,1345.0,182.0,keep,Keep,,**1163–1345**,Construction began in 1163 and was largely completed by 1345. ([Wikipedia][30]),markdown_table,high_numeric
cathedral,Casertavecchia Cathedral,,1113.0,1153.0,1113.0,1153.0,40.0,keep,Keep,,**1113–1153**,Correct for the original episcopal church; later 13th-century additions can be treated separately. ([Wikipedia][31]),markdown_table,high_numeric
cathedral,Aachen Cathedral,,796.0,1355.0,796.0,1414.0,618.0,drop,Review/phase choice,,**796–805** core; **796–1414** with Gothic choir,Palatine Chapel core was built 796–805; Gothic choir added 1355–1414. Raw 796–1355 mixes core and later expansion. ([Wikipedia][32]),markdown_table,medium_broad_or_phase_choice
cathedral,Crema Cathedral,,1284.0,1341.0,1284.0,1341.0,57.0,keep,Keep,,**1284–1341**,The raw dates look plausible; source confirms major construction progress in early 14th century and façade fresco by 1345. ([Wikipedia][33]),markdown_table,high_numeric
cathedral,Halberstadt Cathedral,,1236.0,1491.0,1236.0,1491.0,255.0,keep,Keep,,**1236–1491**,Correct. Present Gothic cathedral was built 1236–1491. ([Wikipedia][34]),markdown_table,high_numeric
cathedral,Tivoli Cathedral,,1000.0,1700.0,1634.0,1650.0,16.0,keep,Keep/review,,**1634/1641–1650**,Present Baroque cathedral was built under Cardinal Giulio Roma and completed with portico in 1650; older Romanesque church is separate. ([Wikipedia][35]),markdown_table,medium_broad_or_phase_choice
cathedral,Velletri Cathedral,,400.0,1300.0,,,,drop,Review/drop,,**1660 rebuild**,"Earlier church dated to 4th century, but present cathedral was rebuilt in 1660. Raw 400–1300 is not usable. ([Wikipedia][36])",markdown_table,high_numeric
cathedral,Amalfi Cathedral,,987.0,1900.0,1180.0,1280.0,100.0,drop,Review,,"**9th/10th c.–13th c. core**, or **1180–c. 1280 bell tower**","Cathedral began in the 9th/10th centuries, with many later additions and a 19th-century façade. Raw 1900 endpoint should not be used. ([Wikipedia][37])",markdown_table,high_numeric
cathedral,Melfi Cathedral,,1076.0,1770.0,1076.0,1153.0,77.0,keep,"Keep, choose phase",,**1076–1153** core; **1723–1770** Baroque rebuild,Source explicitly separates original construction from later Baroque reconstruction after earthquakes. ([Wikipedia][38]),markdown_table,medium_broad_or_phase_choice
cathedral,Sion Cathedral,,700.0,1520.0,,,,keep,,,**late 15th–early 16th c.**,Current Gothic cathedral was built in the second half of the 15th to early 16th century; earlier Carolingian/Romanesque phases should not define the present building. ([Wikipedia][1]),markdown_table,high_numeric
cathedral,Gaeta Cathedral,,1100.0,1950.0,1106.0,1279.0,173.0,keep,,,**c. 1106–1279** or **1788–1793 phase**,"Medieval cathedral exists, but major neoclassical renovation was 1788–1793; for premodern core, use medieval span, not 1950. ([Wikipedia][2])",markdown_table,high_numeric
cathedral,Bremen Cathedral,,785.0,1102.0,1041.0,1253.0,212.0,keep,,,**1041–1253**,"Earlier foundations exist, but the main medieval building/towers developed from the 11th century through west towers in 1215–1253. ([Wikipedia][3])",markdown_table,high_numeric
cathedral,Worcester Cathedral,,680.0,2008.0,1084.0,1504.0,420.0,keep,,,**1084–1504**,Current surviving fabric begins with Wulfstan’s Romanesque rebuilding in 1084; medieval building campaigns continue to 1504. ([Wikipedia][4]),markdown_table,high_numeric
cathedral,Vasto Cathedral,,1200.0,2000.0,,,,keep,,,**13th c.**,Built sometime in the 13th century as St Augustine; later cathedral status/restorations should not extend duration to 2000. ([Wikipedia][5]),markdown_table,high_numeric
cathedral,Arezzo Cathedral,,1200.0,1511.0,1277.0,1511.0,234.0,keep,,,**1277/1278–1511**,Present structure began in 1277/1278 and ended in 1511; façade is later and should not count. ([Wikipedia][6]),markdown_table,high_numeric
cathedral,Meissen Cathedral,,970.0,1410.0,1260.0,1410.0,150.0,keep,,,**1260–1410**,Present Gothic hall church was built 1260–1410; 970 belongs to bishopric/site history. ([Wikipedia][7]),markdown_table,high_numeric
cathedral,Benevento Cathedral,,600.0,2000.0,,,,keep,,,**8th c.–1473**,Lombard/medieval cathedral expanded from 8th century and repaired/consecrated in 1473; modern 1950s–60s reconstruction should not define medieval duration. ([Wikipedia][8]),markdown_table,high_numeric
cathedral,Pisa Cathedral,,1064.0,1092.0,1064.0,1180.0,116.0,keep,,,**1064–1180**,"Begun 1064, consecrated 1118, enlargement/façade work finished by 1180. ([Wikipedia][9])",markdown_table,high_numeric
cathedral,Magdeburg Cathedral,,1209.0,1520.0,1209.0,1520.0,311.0,keep,,,**1209–1520**,Correct. Current cathedral began in 1209 and was completed with the towers in 1520. ([Wikipedia][10]),markdown_table,high_numeric
cathedral,Agrigento Cathedral,,1100.0,1700.0,1093.0,1305.0,212.0,keep,,,**c. 1093/1099–1305**,Norman foundation/consecration in 1099; later rebuilding under Bishop Bertaldo in 1305 is a better medieval endpoint than 1700. ([Wikipedia][11]),markdown_table,high_numeric
cathedral,Gubbio Cathedral,,1194.0,1350.0,,,,keep,,,**13th–14th c.**,Built in the 13th and 14th centuries over an earlier Romanesque church. ([Wikipedia][12]),markdown_table,high_numeric
cathedral,Teramo Cathedral,,1158.0,1493.0,1158.0,1493.0,335.0,keep,,,**1158–1493**,"Keep as multi-phase: Romanesque core 1158–1176, Gothic extension 1331–1335, bell tower phases through 1493. ([Wikipedia][13])",markdown_table,high_numeric
cathedral,Lübeck Cathedral,,1173.0,1400.0,1173.0,1335.0,162.0,keep,,,**1173–1335**,"Started 1173, Romanesque completed c.1230, Gothic conversion completed 1335. ([Wikipedia][14])",markdown_table,high_numeric
cathedral,Lincoln Cathedral,,1072.0,1092.0,1072.0,1311.0,239.0,keep,,,**1072–1311/1316**,"Original Norman build finished 1092, but present medieval cathedral includes major post-1185 rebuilding; use broad medieval phase if keeping. ([Wikipedia][15])",markdown_table,high_numeric
cathedral,Passau Cathedral,,720.0,1598.0,1668.0,1693.0,25.0,keep,,,**1668–1693**,Current Baroque cathedral was built after the 1662 fire from 1668 to 1693; raw dates reflect earlier churches. ([Wikipedia][16]),markdown_table,high_numeric
cathedral,"San Lorenzo, Florence",,1059.0,1461.0,1419.0,1459.0,40.0,keep,,,**1419–1459**,Current Renaissance basilica began around 1419 and was largely complete by 1459. ([Wikipedia][17]),markdown_table,high_numeric
cathedral,Le Mans Cathedral,,1139.0,1423.0,1060.0,1430.0,370.0,keep,,,**1060–1430**,Present fabric combines Romanesque rebuilding from c.1060/consecrated 1120 and later Gothic work culminating around 1430. ([Wikipedia][18]),markdown_table,high_numeric
cathedral,Ravenna Cathedral,,350.0,1745.0,,,,keep,,,**early 5th c.; 18th c. rebuild**,Original cathedral was early 5th century; current Baroque cathedral is 18th-century rebuild. Keep only with explicit phase decision. ([Wikipedia][19]),markdown_table,high_numeric
cathedral,Bosa Cathedral,,1700.0,1809.0,1803.0,1809.0,6.0,keep,,,**1803–1809**,Present building is product of restorations/rebuilding from 1803 and re-consecrated in 1809. ([Wikipedia][20]),markdown_table,high_numeric
cathedral,Schwerin Cathedral,,1171.0,1246.0,1172.0,1248.0,76.0,keep,,,**1172–1248**,Stone cathedral foundation laid 1172 and consecrated after 76 years in 1248. ([Wikipedia][21]),markdown_table,high_numeric
cathedral,Paderborn Cathedral,,800.0,1250.0,,,,keep,,,**before 1220–late 13th c.**,Current cathedral began before 1220 and was completed in the late 13th century; earlier Charlemagne-era churches are previous structures. ([Wikipedia][22]),markdown_table,high_numeric
cathedral,Lausanne Cathedral,,600.0,1268.0,1170.0,1235.0,65.0,keep,,,**1170–1235/1275**,"Construction began 1170, most existing cathedral completed by 1235, consecrated 1275. ([Wikipedia][23])",markdown_table,high_numeric
cathedral,Albi Cathedral,,850.0,1397.0,1282.0,1480.0,198.0,keep,,,**1282–1480**,Gothic cathedral began 1282 and was consecrated in 1480. ([Wikipedia][24]),markdown_table,high_numeric
cathedral,Würzburg Cathedral,,750.0,1075.0,1040.0,1075.0,35.0,keep,,,**1040–1075/1187**,"Present cathedral built from 1040, completed 1075, consecrated 1187 after later rebuilding. ([Wikipedia][25])",markdown_table,high_numeric
cathedral,Speyer Cathedral,,1030.0,1106.0,1030.0,1106.0,76.0,keep,,,**1030–1106**,Keep: Speyer I consecrated 1061; Henry IV’s reconstruction c.1090–1106. ([Wikipedia][26]),markdown_table,high_numeric
cathedral,"Marseille, La Major",,700.0,1200.0,,,,keep,,,**12th c. old cathedral**,Old cathedral remnants are 12th-century Romanesque; new cathedral is 1852–1896 and should be separate. ([Wikipedia][27]),markdown_table,high_numeric
cathedral,"Saint-Nazaire, Carcassonne",,700.0,1329.0,,,,keep,,,**1096–early 14th c.**,"Materials blessed in 1096, Romanesque completed first half of 12th c., Gothic reconstruction at end of 13th c. ([Wikipedia][28])",markdown_table,high_numeric
cathedral,Osnabrück Cathedral,,770.0,1500.0,,,,keep,,,**c. 1100–13th c.**,"Present version developed gradually after fire around 1100, with major 11th–13th-century phases. ([Wikipedia][29])",markdown_table,high_numeric
cathedral,Saint-Dié Cathedral,,700.0,1800.0,,,,keep,,,**12th–13th c.**,Current fabric includes Romanesque nave and Gothic choir with 13th-century cloister; earlier monastery is foundation history. ([Wikipedia][30]),markdown_table,high_numeric
cathedral,Montpellier Cathedral,,1364.0,1368.0,,,,keep,,,**1364–17th c. rebuild**,"Founded as monastery church in 1364, later damaged and rebuilt in the 17th century. The 4-year raw duration is too narrow. ([Wikipedia][31])",markdown_table,high_numeric
cathedral,Eichstätt Cathedral,,740.0,1400.0,,,,keep,,,**11th c.–14th c.**,Current building is essentially 11th-century with significant medieval fabric; bells/fabric show 13th–14th-century elements. ([Wikipedia][32]),markdown_table,high_numeric
cathedral,Saluzzo Cathedral,,1491.0,1501.0,1491.0,1501.0,10.0,keep,,,**1491–1501**,Correct. Built between 1491 and 1501. ([Wikipedia][33]),markdown_table,high_numeric
cathedral,"St Peter’s Basilica, Rome",,300.0,1626.0,1506.0,1626.0,120.0,keep,,,**1506–1626**,"Use present basilica, not Old St Peter’s. Current basilica began 1506 and was completed/consecrated 1626. ([Wikipedia][34])",markdown_table,high_numeric
cathedral,Canterbury Cathedral,,597.0,1834.0,1070.0,1500.0,430.0,keep,,,"**1070–1126**, or **1070–1500s broad**",Present Norman rebuild began 1070 and major east-end work completed 1126; later Gothic rebuilding can be a broader medieval phase. ([Wikipedia][35]),markdown_table,medium_broad_or_phase_choice
cathedral,Exeter Cathedral,,1112.0,1133.0,1112.0,1342.0,230.0,keep,,,**1112–1342/1414**,"Norman cathedral began 1112; Gothic rebuilding and west/nave work continued into 14th century, cloister to 1414. ([Wikipedia][36])",markdown_table,high_numeric
cathedral,Nantes Cathedral,,1430.0,1536.0,1434.0,1891.0,457.0,keep,,,**1434–1891**,"Raw end undercounts; construction began 1434 and finished 1891. Since it begins pre-1750 but ends modern, keep only if long-duration completions are allowed. ([Wikipedia][37])",markdown_table,high_numeric
cathedral,Lanciano Cathedral,,1300.0,1819.0,,,,keep,,,**18th c.–1819 façade**,Present neoclassical rebuild is 18th century; façade began 1819. Medieval/oratory history should not stretch this as one span. ([Wikipedia][38]),markdown_table,high_numeric
cathedral,Sassari Cathedral,,1100.0,1800.0,,,,keep,,,**12th–18th c.**,"Built in 12th century, later Gothic/Renaissance/Baroque/Neoclassical phases, construction finished in 18th century. ([Wikipedia][39])",markdown_table,high_numeric
cathedral,Modena Cathedral,,1099.0,1389.0,1099.0,1319.0,220.0,keep,,,**1099–1319**,Built from 1099; consecrated 1184; completed 1319. ([Wikipedia][40]),markdown_table,high_numeric
cathedral,York Minster,,627.0,1472.0,1220.0,1472.0,252.0,keep,,,**1220–1472**,"Use Gothic minster, not early foundation. Gothic work began 1220 and cathedral was declared complete/consecrated in 1472. ([Wikipedia][41])",markdown_table,high_numeric
cathedral,Naumburg Cathedral,,1029.0,1242.0,1029.0,1044.0,15.0,keep,,,"**1210–1330**, or **1029–1044 early core**","Present famous late Romanesque/Gothic building mostly from c.1210 onward, with east choir around 1330. ([Wikipedia][42])",markdown_table,high_numeric
cathedral,Lodi Cathedral,,1158.0,1284.0,1158.0,1284.0,126.0,keep,,,**1158–1284**,"Correct as broad medieval span: founded 1158, first phase 1163, façade completed 1284. ([Wikipedia][43])",markdown_table,high_numeric
cathedral,Rossano Cathedral,,800.0,1100.0,,,,keep,,,**11th c.**,Cathedral built in 11th century; later 18th–19th-century reconstructions should be separate. ([Wikipedia][44]),markdown_table,high_numeric
cathedral,Isernia Cathedral,,1349.0,1900.0,,,,keep,,,**1349–modern renovations**,Present building began 1349 but later appearance reflects repeated renovations; keep only with broad/multi-phase coding. ([Wikipedia][45]),markdown_table,high_numeric
cathedral,Piazza Armerina Cathedral,,1400.0,1719.0,1604.0,1719.0,115.0,keep,,,**1604–1719**,Present cathedral began 1604 and ended 1719; dome added 1768 but not needed as construction endpoint. ([Wikipedia][46]),markdown_table,high_numeric
cathedral,Novara Cathedral,,1400.0,1869.0,1863.0,1869.0,6.0,keep,,,**1863–1869**,Current building was built 1863–1869; original medieval church is separate. Keep only if modern cathedrals are allowed; otherwise exclude from pre-1750 model. ([Wikipedia][47]),markdown_table,high_numeric
cathedral,Trento Cathedral,,1212.0,1687.0,1212.0,1515.0,303.0,keep,,,**1212–1515**,Rebuilding began 1212; major medieval/early Renaissance work through lantern completed 1515. ([Wikipedia][48]),markdown_table,high_numeric
cathedral,Amiens Cathedral,,1220.0,1499.0,1220.0,1288.0,68.0,keep,,,**1220–1288**,Main Gothic construction completed by 1288; later strengthening/choir stalls/restoration should not extend construction to 1499. ([Wikipedia][49]),markdown_table,high_numeric
cathedral,Patti Cathedral,,1094.0,1094.0,,,,keep,,,**1090s–post-1693 rebuild**,"Founded in the 1090s, but almost completely rebuilt after 1693 earthquake; same-year raw duration is unusable. ([Wikipedia][50])",markdown_table,high_numeric
cathedral,"Duomo Vecchio, Brescia",,900.0,1200.0,,,,keep,,,**c. 1100–12th c.**,Earliest documents state construction began about 1100 on a prior church. ([Wikipedia][51]),markdown_table,high_numeric
cathedral,Caltagirone Cathedral,,1090.0,1282.0,,,,drop,,,,Source only confirms Norman origin and post-1693 rebuild; no clean span for present cathedral from quick pass. ([Wikipedia][52]),markdown_table,high_numeric
cathedral,Treviso Cathedral,,500.0,1900.0,,,,drop,,,,Current building was rebuilt from 1759/1768 with 1836 façade; raw span mixes early Christian origin and modern fabric. ([Wikipedia][53]),markdown_table,high_numeric
cathedral,Bolzano Cathedral,,1400.0,1517.0,,,,drop,,,,"Need a stronger source before correcting; likely usable, but not enough from this pass.",markdown_table,high_numeric
cathedral,"Cattedrale San Giuseppe, Vasto",,1200.0,2000.0,,,,drop,,,,"I listed it above as keep-broad because it is 13th c., but if you require numeric start/end, it remains review. ([Wikipedia][5])",markdown_table,high_numeric
cathedral,Rennes Cathedral,,700.0,1200.0,,,,drop,,,,Current nave/choir rebuilt 1787–1845; old cathedral/front phases are too mixed for a premodern duration. ([Wikipedia][54]),markdown_table,high_numeric
cathedral,"Santa Maria Maggiore e San Leoluca, Vibo Valentia",,800.0,1723.0,,,,keep,,,"**9th c.**, broad",Built in the 9th century over a Byzantine basilica; later restorations should not stretch duration to 1723. ([Wikipedia][1]),markdown_table,medium_broad_or_phase_choice
cathedral,Besançon Cathedral,,700.0,1250.0,1127.0,1212.0,85.0,keep,,,**1127–1212/1250**,Rebuilt 1127–1161; fire in 1212; medieval fabric broadly 11th–13th c. ([Wikipedia][2]),markdown_table,high_numeric
cathedral,Bologna Cathedral,,910.0,1800.0,1605.0,1747.0,142.0,keep,,,**1605–1747**,"Present structure is mainly late 16th/17th c.; new main building began 1605, façade 1743–1747. ([Wikipedia][3])",markdown_table,high_numeric
cathedral,Metz Cathedral,,1200.0,1359.0,1220.0,1359.0,139.0,keep,,,**c. 1220–1359**,"Gothic reconstruction began about 1220; nave covered by 1359, with later upper work continuing. ([Wikipedia][4])",markdown_table,high_numeric
cathedral,Pavia Cathedral,,1400.0,1933.0,1488.0,1930.0,442.0,keep,,,**1488–1930**,Present Renaissance cathedral began 1488; dome/façade/arms continued into modern completion. Keep only as long multi-phase record. ([Wikipedia][5]),markdown_table,high_numeric
cathedral,Utrecht Domkerk,,1254.0,1517.0,1254.0,1517.0,263.0,keep,,,**1254–1517**,Correct. Construction began 1254 and continued until 1517. ([Wikipedia][6]),markdown_table,high_numeric
cathedral,Grenoble Cathedral,,1000.0,1500.0,,,,keep,,,"**mid-13th c.**, broad","Earlier mention in 902, but cathedral and St Hugh’s church rebuilt in mid-13th century. ([Wikipedia][7])",markdown_table,medium_broad_or_phase_choice
cathedral,Ferrara Cathedral,,1135.0,1700.0,1135.0,1177.0,42.0,keep,,,**1135–1177** core,Present cathedral began 1135; main altar consecrated 1177. Later phases separate. ([Wikipedia][8]),markdown_table,high_numeric
cathedral,Mazara del Vallo Cathedral,,1086.0,1093.0,1086.0,1093.0,7.0,keep,,,**1086–1093**,"Keep as Norman foundation/consecration span, but flag short duration.",markdown_table,high_numeric
cathedral,Saint-Malo Cathedral,,800.0,1631.0,,,,keep,,,"**12th–17th c.**, broad",Keep as broad multi-phase medieval/early modern fabric.,markdown_table,medium_broad_or_phase_choice
cathedral,"Toulouse Cathedral, row 1",,1120.0,1600.0,,,,keep,,,"**13th–17th c.**, broad",Keep one Toulouse record; do not keep duplicate rows separately unless deduplicating later.,markdown_table,medium_broad_or_phase_choice
cathedral,"Toulouse Cathedral, row 2",,1071.0,1100.0,,,,keep,,,**exclude duplicate / merge with Toulouse row**,Same monument as above; merge into one corrected record.,markdown_table,high_numeric
cathedral,Strasbourg Cathedral,,1176.0,1439.0,1176.0,1439.0,263.0,keep,,,**1176–1439**,Correct for main Gothic campaign.,markdown_table,high_numeric
cathedral,Genoa Cathedral,,1098.0,1400.0,1098.0,1312.0,214.0,keep,,,**1098–1312/1400**,Keep broad; façade and medieval completion extend beyond initial consecration.,markdown_table,high_numeric
cathedral,Durham Cathedral,,1093.0,2017.0,1093.0,1133.0,40.0,keep,,,**1093–1133** core,"Present Norman cathedral core, not modern restoration.",markdown_table,high_numeric
cathedral,Alba Cathedral,,1400.0,1900.0,1486.0,1517.0,31.0,keep,,,"**1486–1517**, approx.","Use late medieval/Renaissance rebuilding, not 1900.",markdown_table,medium_broad_or_phase_choice
cathedral,Hereford Cathedral,,1079.0,1400.0,1079.0,1250.0,171.0,keep,,,"**1079–1250/1300**, broad",Keep as medieval construction/development span.,markdown_table,medium_broad_or_phase_choice
cathedral,Mondovì Cathedral,,1100.0,1753.0,1743.0,1753.0,10.0,keep,,,**1743–1753**,Current cathedral is 18th c.; keep only if not excluding late ecclesiastical rebuilds.,markdown_table,high_numeric
cathedral,Trieste Cathedral,,1302.0,1320.0,1302.0,1320.0,18.0,keep,,,**1302–1320**,Keep.,markdown_table,high_numeric
cathedral,Udine Cathedral,,1236.0,1600.0,1236.0,1335.0,99.0,keep,,,"**1236–1335**, or broad to 16th c.",Use medieval core unless modeling later renovations.,markdown_table,medium_broad_or_phase_choice
cathedral,Blois Cathedral,,1100.0,1200.0,1680.0,1700.0,20.0,keep,,,"**1680–1700**, approx.",Current Saint-Louis largely rebuilt after 17th-century damage.,markdown_table,medium_broad_or_phase_choice
cathedral,"St Paul’s Cathedral, London",,100.0,1710.0,1675.0,1710.0,35.0,keep,,,**1675–1710**,"Use Wren’s present cathedral, not Old St Paul’s.",markdown_table,high_numeric
cathedral,"San Rufino, Assisi",,1100.0,1571.0,1140.0,1253.0,113.0,keep,,,"**1140–1253**, approx.","Use Romanesque cathedral construction, not later interior changes.",markdown_table,medium_broad_or_phase_choice
cathedral,"San Lorenzo, Viterbo",,1100.0,1600.0,,,,keep,,,"**12th c.–16th c.**, broad",Keep broad multi-phase.,markdown_table,medium_broad_or_phase_choice
cathedral,Taranto Cathedral,,900.0,1300.0,,,,keep,,,"**10th–11th c.**, broad",Keep medieval core; later Baroque alterations separate.,markdown_table,medium_broad_or_phase_choice
cathedral,Mantua Cathedral,,1300.0,1761.0,1545.0,1761.0,216.0,keep,,,"**1545–1761**, or medieval core separately",Keep/review; current interior/fabric strongly reshaped by Giulio Romano and later façade.,markdown_table,high_numeric
cathedral,Cahors Cathedral,,700.0,1320.0,1080.0,1320.0,240.0,keep,,,"**1080/1119–1320**, broad",Use Romanesque/Gothic construction rather than early foundation.,markdown_table,medium_broad_or_phase_choice
cathedral,Llandaff Cathedral,,1120.0,1843.0,,,,keep,,,"**1120–15th c.**, broad",Keep medieval fabric; exclude 19th-century restoration from duration.,markdown_table,medium_broad_or_phase_choice
cathedral,Caltabellotta Cathedral,,1090.0,1110.0,1090.0,1110.0,20.0,keep,,,**1090–1110**,"Keep, but flag source check later.",markdown_table,high_numeric
cathedral,Noyon Cathedral,,1145.0,1295.0,1145.0,1235.0,90.0,keep,,,**1145–1235/1295**,Keep.,markdown_table,high_numeric
cathedral,Nîmes Cathedral,,700.0,1096.0,,,,keep,,,"**11th c.–1096**, broad",Keep as Romanesque construction/consecration.,markdown_table,medium_broad_or_phase_choice
cathedral,Geneva Cathedral,,600.0,1225.0,1160.0,1252.0,92.0,keep,,,"**1160–1252**, approx.","Use Romanesque/Gothic cathedral, not early Christian site.",markdown_table,medium_broad_or_phase_choice
cathedral,Lecce Cathedral,,1100.0,1689.0,1659.0,1670.0,11.0,keep,,,**1659–1670/1689**,Present Baroque cathedral by Zimbalo; keep as early modern rebuild.,markdown_table,high_numeric
cathedral,Matelica Co-Cathedral,,1350.0,1500.0,1350.0,1500.0,150.0,keep,,,"**1350–1500**, provisional",Keep/review; plausible but source-check later.,markdown_table,medium_broad_or_phase_choice
cathedral,Regensburg Cathedral,,1200.0,1221.0,1273.0,1520.0,247.0,keep,,,**1273–1520**,Raw dates are wrong; Gothic cathedral began 1273 and continued into 16th c.,markdown_table,high_numeric
cathedral,Lucera Cathedral,,1302.0,1317.0,1302.0,1317.0,15.0,keep,,,**1302–1317**,Keep.,markdown_table,high_numeric
cathedral,Foggia Cathedral,,1172.0,1223.0,1172.0,1223.0,51.0,keep,,,**1172–1223**,Keep.,markdown_table,high_numeric
cathedral,Poitiers Cathedral,,700.0,1379.0,1162.0,1379.0,217.0,keep,,,**1162–1379**,"Use Angevin/Gothic cathedral, not early foundation.",markdown_table,high_numeric
cathedral,Barletta Cathedral,,1126.0,1400.0,,,,keep,,,**1126–14th c.**,Keep broad.,markdown_table,high_numeric
cathedral,Trani Cathedral,,1099.0,1143.0,1099.0,1143.0,44.0,keep,,,**1099–1143**,Keep.,markdown_table,high_numeric
cathedral,Bitonto Co-Cathedral,,1089.0,1300.0,,,,keep,,,**late 11th–12th/13th c.**,Keep broad.,markdown_table,high_numeric
cathedral,Münster Cathedral,,1225.0,1264.0,1225.0,1264.0,39.0,keep,,,**1225–1264**,Keep.,markdown_table,high_numeric
cathedral,Conversano Cathedral,,1100.0,1379.0,,,,keep,,,**11th–14th c.**,Keep broad.,markdown_table,high_numeric
cathedral,Altamura Cathedral,,1232.0,1254.0,1232.0,1254.0,22.0,keep,,,**1232–1254**,Keep.,markdown_table,high_numeric
cathedral,Dijon Saint-Bénigne,,700.0,1325.0,1280.0,1325.0,45.0,keep,,,"**1280–1325**, approx.","Use Gothic abbey/cathedral reconstruction, not early abbey history.",markdown_table,medium_broad_or_phase_choice
cathedral,Chioggia Cathedral,,1624.0,1802.0,1624.0,1674.0,50.0,keep,,,"**1624–1674**, approx.",Present cathedral built after collapse/fire; 1802 likely not construction end.,markdown_table,medium_broad_or_phase_choice
cathedral,Nardò Cathedral,,1000.0,1899.0,,,,keep,,,"**11th c.–18th c.**, broad",Keep/review as multi-phase; raw 1899 should not be used.,markdown_table,medium_broad_or_phase_choice
cathedral,Winchester Cathedral,,1079.0,2016.0,1079.0,1532.0,453.0,keep,,,"**1079–1532**, broad","Use medieval construction/remodeling, not modern work.",markdown_table,medium_broad_or_phase_choice
cathedral,Bari Cathedral,,1100.0,1292.0,1170.0,1292.0,122.0,keep,,,**1170–1292**,Keep.,markdown_table,high_numeric
cathedral,Acqui Terme Cathedral,,1000.0,1900.0,989.0,1067.0,78.0,keep,,,"**989/1000–1067**, core",Use Romanesque cathedral consecrated in 1067; later works separate.,markdown_table,high_numeric
cathedral,Volterra Cathedral,,800.0,1800.0,1120.0,1254.0,134.0,keep,,,"**1120–1254**, approx.",Use Romanesque cathedral phase.,markdown_table,medium_broad_or_phase_choice
cathedral,Cefalù Cathedral,,1131.0,1148.0,1131.0,1240.0,109.0,keep,,,"**1131–1240**, broad",Raw end too short if using broader completion.,markdown_table,medium_broad_or_phase_choice
cathedral,Ascoli Piceno Cathedral,,400.0,1539.0,,,,keep,,,"**11th–16th c.**, broad","Keep as multi-phase medieval/Renaissance fabric, not 4th-century origin.",markdown_table,medium_broad_or_phase_choice
cathedral,Ely Cathedral,,672.0,1500.0,1083.0,1539.0,456.0,keep,,,"**1083–1539**, broad","Use Norman cathedral/monastic church onward, not early abbey foundation.",markdown_table,medium_broad_or_phase_choice
cathedral,"Santa Maria del Fiore, Florence",,1296.0,1471.0,1296.0,1436.0,140.0,keep,,,**1296–1436/1471**,Keep; use 1436 for dome/consecration or 1471 for lantern/completion depending convention.,markdown_table,high_numeric
cathedral,"San Siro, Genoa",,500.0,1700.0,,,,keep,,,"**1580s–1619/17th c.**, approx.",Present church substantially rebuilt in late 16th/early 17th c.,markdown_table,medium_broad_or_phase_choice
cathedral,Orvieto Cathedral,,1290.0,1591.0,1290.0,1591.0,301.0,keep,,,**1290–1591**,Keep.,markdown_table,high_numeric
cathedral,Brandenburg Cathedral,,1170.0,1370.0,,,,keep,,,**1165/1170–14th c.**,Keep broad.,markdown_table,high_numeric
cathedral,Troina former cathedral,,1067.0,1078.0,1067.0,1078.0,11.0,keep,,,**1067–1078**,Keep.,markdown_table,high_numeric
cathedral,Angoulême Cathedral,,700.0,1128.0,1110.0,1128.0,18.0,keep,,,**1110–1128**,"Use present Romanesque cathedral, not early foundation.",markdown_table,high_numeric
cathedral,Aversa Cathedral,,1053.0,1090.0,1053.0,1090.0,37.0,keep,,,**1053–1090**,Keep.,markdown_table,high_numeric
cathedral,Capua Cathedral,,500.0,1500.0,,,,drop,,,,Too phase-confused from this pass; needs dedicated source check.,markdown_table,high_numeric
cathedral,Chieti Cathedral,,900.0,1936.0,,,,drop,,,,"Raw span mixes early medieval church, rebuilding, earthquake/modern restoration. Review later.",markdown_table,high_numeric
cathedral,"Santi Giovanni e Reparata, Lucca",,1100.0,1200.0,,,,drop,,,,Needs source clarification; may be former cathedral/archaeological complex rather than current cathedral fabric.,markdown_table,high_numeric
cathedral,Acerra Cathedral,,800.0,1874.0,,,,drop,,,,Present/current building history unclear from this pass; review later.,markdown_table,high_numeric
cathedral,San Severo Cathedral,,1000.0,1800.0,,,,drop,,,,Likely medieval origin plus later Baroque restoration; too mixed without a clean span.,markdown_table,high_numeric
cathedral,Gravina Cathedral,,1000.0,1600.0,,,,drop,,,,Needs dedicated correction; likely medieval rebuild after earthquake phases.,markdown_table,high_numeric
cathedral,Caccamo Cathedral,,1616.0,1480.0,,,,drop,,,,Clearly reversed/invalid dates; review later before use.,markdown_table,high_numeric
cathedral,Biella Cathedral,,1402.0,1900.0,,,,drop,,,,Current fabric/date basis too unclear from this pass.,markdown_table,high_numeric
cathedral,Syracuse Cathedral,,1444.0,1753.0,,,,drop,,,,"Extremely phase-complex: Greek temple, Byzantine/Norman church, Baroque façade. Needs deliberate phase choice before modeling.",markdown_table,high_numeric
cathedral,Kölner Dom / Cologne Cathedral,,1248.0,1480.0,1248.0,1473.0,225.0,keep,,,**1248–1880** if full building history; **1248–1473** if medieval-only,"Medieval work began in 1248, stopped in the late 15th century, and the cathedral was finally completed in 1880. For your premodern model, I would use **1248–1473**. ([Wikipedia][1])",markdown_table,high_numeric
cathedral,Vigevano Cathedral,,900.0,1606.0,1532.0,1606.0,74.0,keep,,,**1532–1606**,Present cathedral began in 1532 and the edifice was completed in 1606; façade is a later 1670s phase. ([Wikipedia][2]),markdown_table,high_numeric
cathedral,Rodez Cathedral,,1277.0,1542.0,1277.0,1529.0,252.0,keep,,,**1277–1529**,New cathedral began after the 1276 collapse; major tower work was built 1501–1529. ([Wikipedia][3]),markdown_table,high_numeric
cathedral,Piacenza Cathedral,,1122.0,1233.0,1122.0,1233.0,111.0,keep,,,**1122–1233**,Current structure was built between 1122 and 1233. ([Wikipedia][4]),markdown_table,high_numeric
cathedral,Palermo Cathedral,,1185.0,1800.0,1185.0,1465.0,280.0,keep,,,**1185–1465**,"Use Norman/medieval fabric plus Gothic-Catalan portico, not later 18th-century interior remaking. Source identifies the apse as 12th-century and the south portico as c.1465. ([Wikipedia][5])",markdown_table,high_numeric
cathedral,Monza Cathedral,,1300.0,1681.0,1300.0,1681.0,381.0,keep,,,**1300–1681**,Raw dates are usable as a full structural/decorative campaign; source lists groundbreaking 1300 and completion 1681. ([Wikipedia][6]),markdown_table,high_numeric
cathedral,Trier Cathedral,,1040.0,1196.0,340.0,1066.0,726.0,keep,,,**1010–1066** for westwork; **c.340–1066** if including Roman core,"For modeling, use the Salian westwork phase **1010–1066**, not the late antique sacred-site origin. ([Wikipedia][7])",markdown_table,high_numeric
cathedral,Orléans Cathedral,,700.0,1320.0,1288.0,1530.0,242.0,keep,,,**1288–1530** medieval Gothic phase; or **1601–1829** present rebuilt cathedral,"Because the medieval cathedral was badly damaged in the Wars of Religion, choose based on phase. For your premodern model I would use **1288–1530**. ([Wikipedia][8])",markdown_table,high_numeric
cathedral,"Saint-Front, Périgueux",,700.0,1337.0,976.0,1120.0,144.0,keep,,,**976–1120** core abbey/cathedral fabric; exclude 1852–1895 restoration,"Abbey built in 976, consecrated 1047, burned in 1120; later 19th-century Abadie reconstruction should not be the modeled medieval duration. ([Wikipedia][9])",markdown_table,high_numeric
cathedral,Sens Cathedral,,700.0,1532.0,1130.0,1160.0,30.0,keep,,,**1130/1135–1160** core,First Gothic cathedral phase began 1130–1135 and was completed by about 1160; later phases should be separate. ([Wikipedia][10]),markdown_table,high_numeric
cathedral,Siena Cathedral,,1220.0,1370.0,1226.0,1268.0,42.0,keep,,,**1196–1355** broad medieval campaign; or **1226–1268** core,"Construction organization starts by 1196; major addition abandoned in 1355. For broad duration, use **1196–1355**. ([Wikipedia][11])",markdown_table,medium_broad_or_phase_choice
cathedral,Savona Cathedral,,1589.0,1605.0,1589.0,1605.0,16.0,keep,,,**1589–1605**,Correct; current cathedral began 1589 and was completed 1605. ([Wikipedia][12]),markdown_table,high_numeric
cathedral,Tournai Cathedral,,1066.0,1255.0,,,,keep,,,**12th c.–1255**,Romanesque nave/transept began in 12th century; Gothic choir built 1242–1255. Use **c.1100–1255** if numeric needed. ([Wikipedia][13]),markdown_table,high_numeric
cathedral,Catania Cathedral,,1086.0,1200.0,1693.0,1711.0,18.0,keep,,,**1078–1093** Norman core; or **1693–1711** Baroque rebuild,"For premodern Norman core, use **1078–1093**. ([Wikipedia][14])",markdown_table,high_numeric
cathedral,Lichfield Cathedral,,1330.0,2015.0,1200.0,1330.0,130.0,keep,,,**c.1200–1330s**,Present Gothic cathedral generally began in early 13th century and Lady Chapel was completed in the 1330s. ([Wikipedia][15]),markdown_table,high_numeric
cathedral,Chur Cathedral,,700.0,1272.0,1151.0,1272.0,121.0,keep,,,**1151–1272**,Current Romanesque church began under Bishop Adalgott and was completed/consecrated in 1272. ([Wikipedia][16]),markdown_table,high_numeric
cathedral,Manfredonia Cathedral,,1270.0,1274.0,1270.0,1274.0,4.0,keep,,,**1270–1274**,Correct for the first cathedral after the transfer from Siponto; flag as short but source-supported. ([Wikipedia][17]),markdown_table,high_numeric
cathedral,Reggio Emilia Cathedral,,1599.0,1623.0,,,,keep,,,"**9th–12th c. core**, or **second half 16th c. rebuild**",Source says built in the 9th–12th centuries and rebuilt in the second half of the 16th century. Use the 16th-century rebuild only if modeling present fabric. ([Wikipedia][18]),markdown_table,high_numeric
cathedral,Auxerre Cathedral,,1220.0,1500.0,1215.0,1233.0,18.0,keep,,,**1215–1543** broad; or **1215–1233** east-end core,Use broad Gothic construction if you allow long campaigns; source gives work from about 1215 and north tower completed in 1543. ([Wikipedia][19]),markdown_table,medium_broad_or_phase_choice
cathedral,Langres Cathedral,,1150.0,1366.0,1140.0,1196.0,56.0,keep,,,**1140–1196** core,"Rebuilding began around 1140; dedication in 1196, with only some vaults unfinished. ([Wikipedia][20])",markdown_table,high_numeric
cathedral,Bourges Cathedral,,1195.0,1480.0,1195.0,1524.0,329.0,keep,,,**1195–1259** main Gothic body; or **1195–1524** including tower repairs,"For modeling core cathedral construction, use **1195–1259**. ([Wikipedia][21])",markdown_table,high_numeric
cathedral,Clermont-Ferrand Cathedral,,700.0,1345.0,1248.0,1345.0,97.0,keep,,,**1248–1345**,Use Gothic cathedral start rather than earlier Christian site.,markdown_table,high_numeric
cathedral,Rouen Cathedral,,1120.0,1478.0,1145.0,1506.0,361.0,keep,,,**1145–1506** broad medieval campaign,Keep broad; raw start/end understate the long Gothic sequence.,markdown_table,medium_broad_or_phase_choice
cathedral,Montepulciano Cathedral,,1512.0,1680.0,1594.0,1680.0,86.0,keep,,,**1594–1680**,Present cathedral was a late Renaissance/early Baroque rebuild; keep as early modern.,markdown_table,high_numeric
cathedral,Auch Cathedral,,1489.0,1520.0,1489.0,1548.0,59.0,keep,,,**1489–1680s** broad; or **1489–1548 core**,"Keep, but choose core vs full decorated campaign later.",markdown_table,medium_broad_or_phase_choice
cathedral,Belluno Cathedral,,1400.0,1624.0,1517.0,1624.0,107.0,keep,,,**1517–1624**,Keep as Renaissance/early modern rebuilding span.,markdown_table,high_numeric
cathedral,Condom Cathedral,,1400.0,1507.0,1507.0,1531.0,24.0,keep,,,**1507–1531?** or **early 16th c.**,Keep broad as late Gothic/early 16th-century construction.,markdown_table,high_numeric
cathedral,Grasse Cathedral,,1200.0,1300.0,,,,keep,,,**12th–13th c.**,Keep broad medieval span.,markdown_table,high_numeric
cathedral,Pistoia Cathedral,,900.0,2000.0,,,,keep,,,"**12th–13th c. core**, broad",Keep broad if using medieval core rather than modern restoration.,markdown_table,medium_broad_or_phase_choice
cathedral,Chichester Cathedral,,1300.0,1108.0,1076.0,1108.0,32.0,keep,,,**1076–1108** core; later 12th–13th c. additions,Raw order is reversed. Use the Norman core span.,markdown_table,high_numeric
cathedral,Osimo Co-Cathedral,,600.0,1320.0,,,,keep,,,"**12th–13th c.**, broad","Keep broad medieval fabric, not early foundation.",markdown_table,medium_broad_or_phase_choice
cathedral,Penne Cathedral,,900.0,2000.0,,,,keep,,,"**12th–13th c. core**, broad",Keep only if coded as broad medieval core; modern phases should not extend to 2000.,markdown_table,medium_broad_or_phase_choice
cathedral,Santa Maria Capua Vetere,,432.0,820.0,432.0,820.0,388.0,keep,,,**432–820** broad early Christian/Lombard,Keep only if early Christian cathedrals are retained; date span is broad but not automatically invalid.,markdown_table,medium_broad_or_phase_choice
cathedral,"Santa Maria Assunta, Fano",,1100.0,2000.0,,,,drop,,,,Raw endpoint is modern/restoration-like; needs clean present-building source.,markdown_table,high_numeric
cathedral,L’Aquila Cathedral,,1200.0,2000.0,,,,drop,,,,Heavily earthquake/reconstruction affected; needs phase decision.,markdown_table,high_numeric
cathedral,"Sainte-Croix, Orléans",,700.0,1320.0,,,,drop,,,,Keepable only after choosing whether the modeled building is medieval Gothic **1288–1530** or rebuilt present cathedral **1601–1829**.,markdown_table,high_numeric
cathedral,"Saint-Vincent, Mâcon",,700.0,1280.0,,,,drop,,,,Present church is 1808–1818; old cathedral remnants are separate. ([Wikipedia][22]),markdown_table,high_numeric
cathedral,"chiesa dell’Addolorata, Acqui Terme",,500.0,1018.0,,,,drop,,,,Not confident this is the cathedral record; review.,markdown_table,high_numeric
cathedral,"Duomo abbaziale di Santa Tecla, Este",,400.0,1200.0,,,,drop,,,,Needs source check; likely phase-confused.,markdown_table,high_numeric
cathedral,Penne Cathedral,,900.0,2000.0,,,,drop,,,,Keep only after source confirmation.,markdown_table,high_numeric
cathedral,Pistoia Cathedral,,900.0,2000.0,,,,drop,,,,Needs source confirmation if you need exact numeric span.,markdown_table,high_numeric
cathedral,Oloron-Sainte-Marie Cathedral,,700.0,1400.0,,,,drop,,,,"Likely usable, but needs source check before numeric correction.",markdown_table,high_numeric
cathedral,Tulle Cathedral,,700.0,1300.0,,,,drop,,,,"Likely usable, but needs source check before numeric correction.",markdown_table,high_numeric
cathedral,Agen Cathedral,,700.0,1500.0,,,,drop,,,,Needs phase check.,markdown_table,high_numeric
cathedral,Schleswig Cathedral,,1134.0,1600.0,1134.0,1408.0,274.0,keep,,,"**1134–1408**, or **1134–16th c. broad**",Romanesque basilica began 1134 and was completed around 1200; late Gothic hall church was built from 1200 to 1408 and finally completed in the 16th century. Use **1134–1408** for a cleaner medieval span. ([Wikipedia][1]),markdown_table,medium_broad_or_phase_choice
cathedral,Antibes Cathedral,,700.0,1746.0,,,,keep,,,**1747–18th c.**,"Present external form mostly follows reconstruction after Austrian bombardment in 1746–47; older choir/medieval fabric survives, but raw 700 start is site/foundation history. ([Wikipedia][2])",markdown_table,high_numeric
cathedral,Carcassonne Saint-Michel Cathedral,,800.0,1370.0,,,,keep,,,**13th c.–14th c. rebuild**,"Built in the 13th century as a parish church, then rebuilt as a fortified church after 14th-century war damage. ([Wikipedia][3])",markdown_table,high_numeric
cathedral,Coutances Cathedral,,1220.0,1270.0,1210.0,1274.0,64.0,keep,,,**1210–1274**,Present Gothic cathedral began in 1210 and was completed in 1274. ([Wikipedia][4]),markdown_table,high_numeric
cathedral,Toul Cathedral,,1220.0,1497.0,1221.0,1496.0,275.0,keep,,,**1221–1496/1497**,Current Gothic cathedral began around 1221 and was essentially complete by 1496/1497. ([Wikipedia][5]),markdown_table,high_numeric
cathedral,Soissons Cathedral,,810.0,1479.0,1176.0,1479.0,303.0,keep,,,**1176–1479**,Current Gothic cathedral was ordered in 1176 and dedicated/completed in 1479. ([Wikipedia][6]),markdown_table,high_numeric
cathedral,Augsburg Cathedral,,700.0,1441.0,995.0,1431.0,436.0,keep,,,"**995–1065**, or **995–1431 broad**",Use the main Ottonian/Romanesque cathedral core if strict; include later Gothic additions only if using broad multi-phase fabric.,markdown_table,medium_broad_or_phase_choice
cathedral,Limoges Cathedral,,700.0,1499.0,1273.0,1499.0,226.0,keep,,,**1273–1499** medieval phase; **1273–1888** full,"Gothic construction began in 1273; medieval campaigns reached the nave by 1499, while final completion occurred in 1888. For your premodern model, use **1273–1499**. ([Wikipedia][7])",markdown_table,high_numeric
cathedral,Lodève Cathedral,,1265.0,1320.0,1265.0,1430.0,165.0,keep,,,**1265/1270–1430**,Gothic cathedral began around 1265/1270; major construction phases continued through the western façade between 1413 and 1430. ([Wikipedia][8]),markdown_table,high_numeric
cathedral,Agde Cathedral,,700.0,1200.0,,,,keep,,,**1173–12th c.**,"Present fortified Romanesque cathedral began in 1173, replacing earlier churches. ([Wikipedia][9])",markdown_table,high_numeric
cathedral,Saint-Pol-de-Léon Cathedral,,780.0,1500.0,,,,keep,,,**13th c.–late 16th c.**,"Present cathedral was built in stages: 13th-century nave/façade, early-15th-century choir/transept, and completion in the second half of the 16th century. ([Wikipedia][10])",markdown_table,high_numeric
cathedral,Bayonne Cathedral,,700.0,1600.0,,,,keep,,,**13th c.–early 17th c.**,"Present Gothic cathedral began in the 13th century and was completed at the beginning of the 17th century, excluding 19th-century spires. ([Wikipedia][11])",markdown_table,high_numeric
cathedral,Foligno Cathedral,,1100.0,2000.0,1133.0,1201.0,68.0,keep,,,**1133–1201** core,"Romanesque cathedral built 1133–1201; later transepts, dome, restorations, and modern repairs should not stretch the core duration. ([Wikipedia][12])",markdown_table,high_numeric
cathedral,Troyes Cathedral,,700.0,1500.0,1199.0,1532.0,333.0,keep,,,**1199/1200–1532**,Gothic rebuilding began after the 1188 fire; west front lower level finished around 1531–1532. ([Wikipedia][13]),markdown_table,high_numeric
cathedral,Tours Cathedral,,1170.0,1400.0,1170.0,1547.0,377.0,keep,,,**1170–1547**,Current cathedral was built between 1170 and 1547. ([Wikipedia][14]),markdown_table,high_numeric
cathedral,Cremona Cathedral,,1107.0,1491.0,1107.0,1491.0,384.0,keep,,,**1107–1196** core; **1107–1491 broad**,Core Romanesque construction began in 1107 and main altar was consecrated in 1196; keep 1491 only if using broad multi-phase tower/façade history. ([Wikipedia][15]),markdown_table,medium_broad_or_phase_choice
cathedral,"Saint-Étienne de la Cité, Périgueux",,700.0,1200.0,,,,keep,,,**11th–12th c.**,Former cathedral of Périgueux; keep as broad Romanesque medieval span if retained.,markdown_table,high_numeric
cathedral,Saint-Brieuc Cathedral,,700.0,1500.0,1180.0,1472.0,292.0,keep,,,**c.1180–1472**,Present building began around 1180; later reconstructions and chapel work continued into the 15th century. ([Wikipedia][16]),markdown_table,high_numeric
cathedral,Orange Cathedral,,700.0,1208.0,,,,keep,,,**12th c.–1208**,Rebuilt in Romanesque style in the 12th century and consecrated in 1208. ([Wikipedia][17]),markdown_table,high_numeric
cathedral,Bergamo Cathedral,,1400.0,1900.0,,,,keep,,,**mid-15th c.–1689** or **mid-15th c.–1889 full**,"Rebuilding commissioned in the mid-15th century; major refurbishing in 1689 and west front completed 1889. For premodern, use mid-15th c.–1689. ([Wikipedia][18])",markdown_table,high_numeric
cathedral,Vannes Cathedral,,700.0,1520.0,,,,keep,,,**15th–16th c.**,"Romanesque tower survives, but visible late Gothic fabric and north transept/portal belong mainly to 15th–16th-century campaigns. ([Wikipedia][19])",markdown_table,high_numeric
cathedral,Bordeaux Cathedral,,700.0,1350.0,,,,keep,,,**13th–1500**,Gothic transformation began in the early 13th century; choir under construction by 1320 and separate bell tower built 1440–1500. ([Wikipedia][20]),markdown_table,high_numeric
cathedral,Casale Monferrato Cathedral,,1000.0,1900.0,,,,keep,,,**1107/1108** core/consecration; **early 12th c.** broad,Present Romanesque/Gothic structure was first consecrated in 1107 or 1108; earlier 9th-century church should not define the present building. ([Wikipedia][21]),markdown_table,medium_broad_or_phase_choice
cathedral,Perpignan Cathedral,,1324.0,1453.0,1324.0,1509.0,185.0,keep,,,**1324–1509**,Construction began in 1324 and finished in the 15th century / 1509. ([Wikipedia][22]),markdown_table,high_numeric
cathedral,Évreux Cathedral,,700.0,1455.0,,,,keep,,,"**1119–16th c.**, or **1253–16th c. Gothic phase**","Existing fabric includes Romanesque lower nave and later Gothic/Flamboyant phases; use broad medieval phase, not 700. ([Wikipedia][23])",markdown_table,high_numeric
cathedral,Monreale Cathedral,,1172.0,1267.0,1174.0,1189.0,15.0,keep,,,**1174–1189/1267**,Norman cathedral was rapidly built in the late 12th century; 1267 may reflect later completion/consecration traditions. Keep as corrected but flag phase choice.,markdown_table,high_numeric
cathedral,Apt Cathedral,,700.0,1320.0,,,,keep,,,**11th–14th c.**,Keep as broad Romanesque/Gothic multi-phase former cathedral.,markdown_table,high_numeric
cathedral,Avignon Notre-Dame-des-Doms,,700.0,1160.0,,,,keep,,,**12th c.–1160**,Keep as Romanesque cathedral phase; early 700 is site/older church history.,markdown_table,high_numeric
cathedral,Saint-Flour Cathedral,,700.0,1466.0,1398.0,1466.0,68.0,keep,,,**1398–1466**,Present Gothic cathedral construction fits the 14th–15th-century phase; use this instead of early foundation.,markdown_table,high_numeric
cathedral,Terni Cathedral,,500.0,1700.0,,,,keep,,,"**17th c. rebuild**, broad",Keep only as early modern rebuild; early 500 belongs to earlier Christian foundation.,markdown_table,medium_broad_or_phase_choice
cathedral,Hildesheim Cathedral,,852.0,1300.0,1010.0,1020.0,10.0,keep,,,**1010–1020** core; **1010–14th c. broad**,"Main Romanesque cathedral was built 1010–1020; later additions occurred in 11th, 12th, and 14th centuries. ([Wikipedia][24])",markdown_table,medium_broad_or_phase_choice
cathedral,Carlisle Cathedral,,1122.0,1420.0,,,,keep,,,"**1122–13th c.**, broad",Cathedral priory founded and church begun in 1122; later medieval work produced the existing structure. ([Wikipedia][25]),markdown_table,medium_broad_or_phase_choice
cathedral,Aix Cathedral,,700.0,1513.0,,,,keep,,,**12th c.–1513**,"Romanesque church began in the early 12th century; Gothic transepts from 1285–1316, final façade statues in 1513. ([Wikipedia][26])",markdown_table,high_numeric
cathedral,Carpentras Cathedral,,700.0,1538.0,1409.0,1559.0,150.0,keep,,,**1409–1559** approx.,Built in the 15th century; construction started in 1409 and continued for about 150 years. ([Wikipedia][27]),markdown_table,medium_broad_or_phase_choice
cathedral,Sisteron Cathedral,,1160.0,1220.0,1160.0,1220.0,60.0,keep,,,**1160–1220**,Correct; Romanesque building was built between 1160 and 1220. ([Wikipedia][28]),markdown_table,high_numeric
cathedral,Pamiers Cathedral,,1000.0,1400.0,,,,keep,,,**12th c.–1689**,Original church dates to 12th century; nave reconstruction was completed in 1689 after Wars of Religion damage. ([Wikipedia][29]),markdown_table,high_numeric
cathedral,Lectoure Cathedral,,1473.0,1600.0,1480.0,1600.0,120.0,keep,,,**12th c.–1600** broad; or **1480–1600** late phase,"Nave was vaulted in the late 12th century, repaired in 1480; choir/apse and chapels were completed around the early 16th century, ambulatory in 1600. ([Wikipedia][30])",markdown_table,medium_broad_or_phase_choice
cathedral,Gap Cathedral,,500.0,1100.0,,,,drop,,,,"Current cathedral was built **1866–1904**, replacing a medieval cathedral. The raw dates refer to earlier site history and do not give a clean premodern present-building span. ([Wikipedia][31])",markdown_table,high_numeric
cathedral,"Saint-Antonin / Pamiers, if strict numeric span required",,1000.0,1400.0,,,,drop,,,,Keep broad only; exact corrected numeric span requires a phase decision because the present building combines 12th-century remains and 17th-century reconstruction.,markdown_table,high_numeric
cathedral,"Antibes, if strict premodern core only",,700.0,1746.0,,,,drop,,,,"Keep broad/rebuild only; the present external form is post-1747, but medieval parts survive.",markdown_table,high_numeric
cathedral,"Bergamo, if strict pre-1750 completion required",,1400.0,1900.0,,,,drop,,,,Keep as mid-15th–1689 if using premodern reconstruction; otherwise review.,markdown_table,high_numeric
cathedral,Narbonne Cathedral,,700.0,1354.0,1272.0,1354.0,82.0,keep,,,**1272–1354**,"Present Gothic cathedral began in 1272 and was gradually expanded until 1354, when expansion stopped because of the city walls; it remained unfinished. ([Wikipedia][1])",markdown_table,high_numeric
cathedral,Reims Cathedral,,1211.0,1275.0,1211.0,1275.0,64.0,keep,,,**1211–1275**,"Raw dates are usable for the main structural Gothic campaign; source lists groundbreaking in 1211 and structural completion in 1275, though later façade/tower work continued. ([Wikipedia][2])",markdown_table,high_numeric
cathedral,Worms Cathedral,,1130.0,1300.0,1130.0,1181.0,51.0,keep,,,**1130–1181**,"Current Romanesque cathedral was essentially rebuilt from about 1130; eastern parts were complete by c.1144, nave/western choir/towers by 1160–1181, and consecrated in 1181. ([Wikipedia][3])",markdown_table,high_numeric
cathedral,Quimper Cathedral,,1239.0,1493.0,1239.0,1493.0,254.0,keep,,,**1239–1493**,"First part of the cathedral began in 1239; work continued through the 15th–16th centuries, and 1493 is a defensible late medieval endpoint tied to major benefactor/building history. ([Wikipedia][4])",markdown_table,high_numeric
cathedral,Verdun Cathedral,,847.0,1528.0,990.0,1147.0,157.0,keep,,,**990–1147**,"Use the Romanesque cathedral, not earlier origins or later furnishings/chapels. Source lists groundbreaking 990 and completion 1147. ([Wikipedia][5])",markdown_table,high_numeric
cathedral,Merseburg Cathedral,,1015.0,1042.0,1015.0,1042.0,27.0,keep,,,**1015–1042**,"Raw dates are usable: construction began in 1015, consecrated 1021, and formally opened in 1042 after rebuilding the collapsed eastern part. ([Wikipedia][6])",markdown_table,high_numeric
cathedral,Rochester Cathedral,,604.0,604.0,1080.0,1130.0,50.0,keep,,,**1080–1130**,Raw date is just the early foundation. Present Norman cathedral began around 1080 under Gundulf and was dedicated in 1130 or 1133. Use 1080–1130 for modeling. ([Wikipedia][7]),markdown_table,high_numeric
cathedral,Valence Cathedral,,1063.0,1150.0,1063.0,1095.0,32.0,keep,,,**1063–1095**,"Construction was initiated under Bishop Gontard, whose episcopate was 1063–1099, and the cathedral was consecrated in 1095. ([Wikipedia][8])",markdown_table,high_numeric
cathedral,Ravello Cathedral,,1086.0,1100.0,1086.0,1100.0,14.0,keep,,,**1086–1100**,"Keep as-is provisionally. The raw span is plausible for the Norman/Romanesque foundation phase, though this one should be flagged as source-confirmation-needed if we later tighten confidence levels.",markdown_table,high_numeric
castle,Berneck Castle,Kauns,1200.0,1300.0,1200.0,1250.0,50.0,keep,keep_corrected,keep_corrected,1200.0–1250.0,Early 13th-century proxy.,csv_code_block,medium_broad_or_phase_choice
castle,Burg Krems,Voitsberg,1100.0,1400.0,1100.0,1600.0,500.0,keep,keep_corrected,keep_corrected,1100.0–1600.0,Broad medieval-to-Renaissance construction/development span.,csv_code_block,medium_broad_or_phase_choice
castle,Burgruine Kollmitz,Raabs an der Thaya,1200.0,1300.0,1200.0,1300.0,100.0,keep,keep_corrected,keep_corrected,1200.0–1300.0,13th-century proxy.,csv_code_block,medium_broad_or_phase_choice
castle,Falkenstein Castle,Obervellach,1100.0,1200.0,1100.0,1200.0,100.0,keep,keep_corrected,keep_corrected,1100.0–1200.0,12th-century proxy.,csv_code_block,medium_broad_or_phase_choice
castle,Gösting Castle,Graz,1000.0,1728.0,1042.0,1500.0,458.0,keep,keep_corrected,keep_corrected,1042.0–1500.0,Remove 1728 replacement/ruin endpoint; use medieval castle through late-medieval expansion.,csv_code_block,high_numeric
castle,Schloss Bruck,Lienz,1252.0,1278.0,1252.0,1278.0,26.0,keep,keep_corrected,keep_corrected,1252.0–1278.0,Raw dates retained.,csv_code_block,high_numeric
castle,Castle Rožmitál pod Třemšínem,Rožmitál pod Třemšínem,1200.0,2000.0,1230.0,1564.0,334.0,keep,keep_corrected,keep_corrected,1230.0–1564.0,Built in the 13th century / listed as built 1230; major Renaissance rebuilding occurred 1559–1564.,csv_code_block,high_numeric
castle,Loket Castle,Loket,870.0,1822.0,1175.0,1399.0,224.0,keep,keep_corrected,keep_corrected,1175.0–1399.0,Remove legendary/early origin and prison-conversion endpoint; use main medieval stone castle phase.,csv_code_block,high_numeric
castle,Egeskov Castle,Faaborg-Midtfyn Municipality,1405.0,1554.0,1554.0,1554.0,0.0,keep,keep_flag_zero_duration,keep_flag_zero_duration,1554.0–1554.0,Current Renaissance water castle is treated as single-year construction; flag for zero-duration handling.,csv_code_block,zero_duration_flag
castle,Häme Castle,Hämeenlinna,1200.0,1300.0,1200.0,1300.0,100.0,keep,keep_corrected,keep_corrected,1200.0–1300.0,13th-century proxy.,csv_code_block,medium_broad_or_phase_choice
castle,Turku Castle,Turku,1200.0,1600.0,1280.0,1600.0,320.0,keep,keep_corrected,keep_corrected,1280.0–1600.0,Use late-13th-century foundation through 16th-century development.,csv_code_block,high_numeric
castle,Castle of Colombières,Colombières,1300.0,1400.0,1300.0,1400.0,100.0,keep,keep_corrected,keep_corrected,1300.0–1400.0,14th-century proxy.,csv_code_block,medium_broad_or_phase_choice
castle,Château de Chambéry,Chambéry,1000.0,1100.0,1200.0,1500.0,300.0,keep,keep_corrected,keep_corrected,1200.0–1500.0,Raw dates too early; use broad medieval/ducal castle phase.,csv_code_block,medium_broad_or_phase_choice
castle,Château de Châteaubriant,Châteaubriant,1000.0,1600.0,1000.0,1600.0,600.0,keep,keep_corrected,keep_corrected,1000.0–1600.0,Broad medieval-to-Renaissance castle/château development.,csv_code_block,medium_broad_or_phase_choice
castle,Château de Vincennes,Vincennes,1340.0,1410.0,1340.0,1410.0,70.0,keep,keep_corrected,keep_corrected,1340.0–1410.0,Main donjon/fortress phase.,csv_code_block,high_numeric
castle,Château de l'Île (Ostwald),Ostwald,1600.0,1891.0,,,,drop,drop_review,drop_review,,"Present building was built in 1891, reusing elements of an earlier castle; the premodern castle phase is not cleanly dated enough for a continuous construction duration.",csv_code_block,high_numeric
castle,Louvre Castle,Paris,1190.0,1610.0,1190.0,1202.0,12.0,keep,keep_corrected,keep_corrected,1190.0–1202.0,"Use medieval fortress construction only, not later palace sequence.",csv_code_block,high_numeric
castle,castel of Tournon,Tournon-sur-Rhône,1500.0,1600.0,1500.0,1600.0,100.0,keep,keep_corrected,keep_corrected,1500.0–1600.0,16th-century proxy.,csv_code_block,medium_broad_or_phase_choice
castle,Altenstein Castle,Maroldsweisach,1232.0,2003.0,1231.0,1441.0,210.0,keep,keep_review,keep_review,1231.0–1441.0,First directly referred to as a castle with church in 1231/1232; by 1441 it had developed into a multi-family Ganerbenburg.,csv_code_block,medium_broad_or_phase_choice
castle,Berum Castle,Hage,1310.0,1591.0,1310.0,1591.0,281.0,keep,keep_corrected,keep_corrected,1310.0–1591.0,Raw range retained provisionally.,csv_code_block,medium_broad_or_phase_choice
castle,Boosenburg,Rüdesheim am Rhein,1100.0,1200.0,1100.0,1200.0,100.0,keep,keep_corrected,keep_corrected,1100.0–1200.0,12th-century proxy.,csv_code_block,medium_broad_or_phase_choice
castle,Dohna Castle,Dohna,950.0,1830.0,950.0,1121.0,171.0,keep,keep_review,keep_review,950.0–1121.0,Probably founded around 950; destroyed at the beginning of the 12th century and rebuilt around 1121.,csv_code_block,medium_broad_or_phase_choice
castle,Eltz Castle,Wierschem,1157.0,1540.0,1157.0,1540.0,383.0,keep,keep_corrected,keep_corrected,1157.0–1540.0,Multi-phase castle development retained.,csv_code_block,high_numeric
castle,Grubenhagen Castle,Einbeck,1200.0,1300.0,1200.0,1300.0,100.0,keep,keep_corrected,keep_corrected,1200.0–1300.0,13th-century proxy.,csv_code_block,medium_broad_or_phase_choice
castle,Old Castle (Koblenz),Koblenz,1185.0,1307.0,1276.0,1307.0,31.0,keep,keep_corrected,keep_corrected,1276.0–1307.0,Use castle-specific construction phase.,csv_code_block,high_numeric
castle,Ronneburg Castle,Ronneburg,1200.0,1549.0,1200.0,1549.0,349.0,keep,keep_corrected,keep_corrected,1200.0–1549.0,Broad medieval-to-16th-century phase.,csv_code_block,medium_broad_or_phase_choice
castle,Wartburg,Eisenach,1067.0,1859.0,1067.0,1318.0,251.0,keep,keep_corrected,keep_corrected,1067.0–1318.0,Founded around 1067; use full medieval castle fabric through South Tower in 1318; exclude 1859 restoration.,csv_code_block,high_numeric
castle,Wewelsburg,Büren,1603.0,1609.0,1603.0,1609.0,6.0,keep,keep_corrected,keep_corrected,1603.0–1609.0,Raw dates retained.,csv_code_block,high_numeric
castle,Birr Castle,Birr,1170.0,1845.0,1620.0,1845.0,225.0,keep,keep_review,keep_review,1620.0–1845.0,Use present-form phase; flag because earlier castle existed.,csv_code_block,medium_broad_or_phase_choice
castle,Branzoll Castle,Klausen,1250.0,1912.0,1255.0,1255.0,0.0,keep,keep_flag_zero_duration,keep_flag_zero_duration,1255.0–1255.0,Built in the context of the 1255 dispute; later 1895/1911 dates are renovations.,csv_code_block,zero_duration_flag
castle,Caldora-Cantelmo Castle,Pacentro,1000.0,1400.0,1000.0,1500.0,500.0,keep,keep_corrected,keep_corrected,1000.0–1500.0,Broad 11th-to-15th-century proxy.,csv_code_block,medium_broad_or_phase_choice
castle,Castello Orsini,Massa d'Albe,1300.0,1400.0,1300.0,1400.0,100.0,keep,keep_corrected,keep_corrected,1300.0–1400.0,14th-century proxy.,csv_code_block,medium_broad_or_phase_choice
castle,Castello Visconteo,Vogogna,1400.0,1500.0,1300.0,1500.0,200.0,keep,keep_corrected,keep_corrected,1300.0–1500.0,Corrected to broad 14th-to-15th-century phase.,csv_code_block,medium_broad_or_phase_choice
castle,Castello Visconteo,Lodi,1100.0,1400.0,1300.0,1400.0,100.0,keep,keep_corrected,keep_corrected,1300.0–1400.0,Raw start too early; use 14th-century Visconti phase proxy.,csv_code_block,medium_broad_or_phase_choice
castle,Castello Visconteo,Voghera,1335.0,1372.0,1335.0,1372.0,37.0,keep,keep_corrected,keep_corrected,1335.0–1372.0,Raw dates retained.,csv_code_block,high_numeric
castle,Castello di Belgioioso,Belgioioso,1300.0,1400.0,1300.0,1400.0,100.0,keep,keep_corrected,keep_corrected,1300.0–1400.0,14th-century proxy.,csv_code_block,medium_broad_or_phase_choice
castle,Castle of Barletta,Barletta,1000.0,1100.0,1000.0,1500.0,500.0,keep,keep_corrected,keep_corrected,1000.0–1500.0,Broad Norman/Swabian/Aragonese development.,csv_code_block,medium_broad_or_phase_choice
castle,Castle of Trezzo sull'Adda,Trezzo sull'Adda,1370.0,1377.0,1370.0,1377.0,7.0,keep,keep_corrected,keep_corrected,1370.0–1377.0,Raw dates retained.,csv_code_block,high_numeric
castle,Festenstein Castle,Eppan an der Weinstraße,1200.0,1300.0,1200.0,1300.0,100.0,keep,keep_corrected,keep_corrected,1200.0–1300.0,13th-century proxy.,csv_code_block,medium_broad_or_phase_choice
castle,Visconti-Sforza Castle,Galliate,1400.0,1500.0,1476.0,1496.0,20.0,keep,keep_review,keep_review,1476.0–1496.0,Likely late-15th-century Sforza reconstruction.,csv_code_block,medium_broad_or_phase_choice
castle,Conisbrough Castle,Conisbrough,1000.0,1100.0,1070.0,1180.0,110.0,keep,keep_corrected,keep_corrected,1070.0–1180.0,Broad Norman earthwork-to-stone phase.,csv_code_block,medium_broad_or_phase_choice
castle,Racibórz Castle,Racibórz,1108.0,1287.0,1200.0,1287.0,87.0,keep,keep_corrected,keep_corrected,1200.0–1287.0,Use 13th-century castle phase to 1287.,csv_code_block,high_numeric
castle,Castle of Abrantes,Abrantes (São Vicente e São João) e Alferrarede,130.0,1900.0,1179.0,1303.0,124.0,keep,keep_corrected,keep_corrected,1179.0–1303.0,Christian fortification was rebuilt after the 1179 foral/resistance episode; Afonso III strengthened it in 1250 and works were completed under Dinis between 1300–1303.,csv_code_block,high_numeric
castle,Castle of Belver,Belver,1194.0,1212.0,1194.0,1212.0,18.0,keep,keep_corrected,keep_corrected,1194.0–1212.0,Raw dates retained.,csv_code_block,high_numeric
castle,Castle of Evoramonte,Evoramonte,1100.0,1200.0,1100.0,1530.0,430.0,keep,keep_corrected,keep_corrected,1100.0–1530.0,Medieval castle plus major 1530s rebuild.,csv_code_block,high_numeric
castle,Castle of Freixo de Espada-à-Cinta,Freixo de Espada à Cinta e Mazouco,1100.0,1200.0,1100.0,1300.0,200.0,keep,keep_corrected,keep_corrected,1100.0–1300.0,12th-to-13th-century proxy.,csv_code_block,medium_broad_or_phase_choice
castle,Castle of Santa Maria da Feira,"Santa Maria da Feira, Travanca, Sanfins e Espargo",868.0,1986.0,1028.0,1037.0,9.0,keep,keep_review,keep_review,1028.0–1037.0,"Use reconstruction/development project during Bermudo III's reign, 1028–1037; 1986 is modern renovation.",csv_code_block,medium_broad_or_phase_choice
