monument_type,monument_from_notes,site_or_city_from_notes,raw_start,raw_end,corrected_start,corrected_end,corrected_duration,action,status_from_notes,correction_status_from_notes,corrected_text,notes_from_notes,source_parser,date_confidence_manual,unmatched_reason,similarity
cathedral,Trapani Cathedral,,1421.0,1801.0,1420.0,1801.0,381.0,drop,Review,,**c. 1420–1801** or **1700–1801**,"Early-15th-century reorganization is plausible, but present Baroque identity is mainly 18th century, with façade begun 1736 and decoration in 1801. Choose based on whether you want institutional fabric or present architectural form. ([Wikipedia][5])",markdown_table,high_numeric,drop_no_match,0.33962264150943394
cathedral,Châlons Cathedral,,1240.0,1500.0,1147.0,1500.0,353.0,drop,Review,,**c. 1147–1500?**,The source confirms consecration in 1147 but not a clean construction span; current 1240–1500 may be a later Gothic phase. Needs a stronger source before overwriting. ([Wikipedia][9]),markdown_table,high_numeric,drop_no_match,0.3225806451612903
cathedral,Uzès Cathedral,,1090.0,1120.0,,,,drop,Review/drop,,**17th–19th c.**,"Source says present church is Neoclassical, with groundbreaking in 17th century and completion in 19th century. The 1090–1120 dates likely refer to an earlier cathedral. ([Wikipedia][12])",markdown_table,high_numeric,drop_no_match,0.3333333333333333
cathedral,Pesaro Cathedral,,1100.0,2000.0,,,,drop,Review/drop,,**6th c.; later expansions/restorations**,"Source says cathedral was constructed in the 6th century, with later expansion and 1865 renovations. Not clean enough for a single construction duration. ([Wikipedia][25])",markdown_table,high_numeric,drop_no_match,0.2962962962962963
cathedral,Alès Cathedral,,1100.0,1500.0,,,,drop,Review/drop,,**1694–18th c.**,Diocese established 1694 and cathedral construction began then; current dates are wrong. ([Wikipedia][27]),markdown_table,high_numeric,drop_no_match,0.3076923076923077
cathedral,Bayeux Cathedral,,1040.0,1420.0,1180.0,1255.0,75.0,drop,Review,,**1046–1080** or **1180–1255**,1046–1080 is Romanesque cathedral; 1180–1255 is Gothic rebuilding. Do not use 1040–1420 as one continuous span. ([Wikipedia][29]),markdown_table,high_numeric,drop_no_match,0.25396825396825395
cathedral,Béziers Cathedral,,1250.0,1450.0,,,,drop,Review,,**after 1209 / 13th c.**,Source says current edifice dates from the 13th century after the earlier building was destroyed in the Albigensian Crusade. Exact end not provided. ([Wikipedia][30]),markdown_table,high_numeric,drop_no_match,0.3076923076923077
cathedral,Urbino Cathedral,,1021.0,1700.0,1789.0,1801.0,12.0,drop,Review,,**15th c.–1604** or **1789–1801**,First cathedral 1021; Renaissance rebuild completed 1604; earthquake reconstruction completed 1801. Current 1021–1700 mixes phases. ([Wikipedia][31]),markdown_table,high_numeric,drop_no_match,0.2962962962962963
cathedral,Ivrea Cathedral,,800.0,1854.0,1516.0,1854.0,338.0,drop,Review,,**969/1005–12th c.** or **1516–1854 phase**,"Early Christian church existed earlier; Romanesque rebuilding under Bishop Warmund, completed in 12th c.; 1854 is façade remodeling. ([Wikipedia][36])",markdown_table,high_numeric,drop_no_match,0.24561403508771928
cathedral,Arras Cathedral,,700.0,1435.0,1030.0,1396.0,366.0,drop,Review/drop,,**1755–1834** for current cathedral; **1030–1396** for destroyed old cathedral,"The current Notre-Dame-et-Saint-Vaast cathedral is the former abbey church begun in the 1750s and completed in 1834. The medieval cathedral was a different, destroyed building. ([Wikipedia][3])",markdown_table,high_numeric,drop_no_match,0.23333333333333334
cathedral,Dax Cathedral,,1000.0,1300.0,,,,drop,Review/drop,,**1694–19th c.**,Present cathedral was built from 1694 onward after the medieval Gothic cathedral collapsed in 1646. Raw medieval dates are not for the present building. ([Wikipedia][6]),markdown_table,high_numeric,drop_no_match,0.24390243902439024
cathedral,Aire Cathedral,,1060.0,1300.0,,,,drop,Review,,**11th/12th c.–17th c. alterations**,"Source describes origins in the 11th–12th centuries and major alterations from the 14th to 17th centuries, but not a clean construction span. ([Wikipedia][10])",markdown_table,high_numeric,drop_no_match,0.23076923076923078
cathedral,Palmi Cathedral,,1300.0,1932.0,1909.0,1932.0,23.0,drop,Drop for premodern model,,**1909–1932 / current building**,Current church opened in 1932 after demolition of the earthquake-damaged earlier church. Raw medieval start is not usable for the current building. ([Wikipedia][13]),markdown_table,high_numeric,drop_no_match,0.27450980392156865
cathedral,Aosta Cathedral,,300.0,1848.0,,,,drop,Review,,"**11th c.–1025 core**, or review","A 4th-century church existed, but the Palaeo-Christian structure was replaced in the 11th century; 1846–1848 is only the Neoclassical façade. ([Wikipedia][15])",markdown_table,high_numeric,drop_no_match,0.24561403508771928
cathedral,Fossano Cathedral,,1200.0,1300.0,1778.0,1791.0,13.0,drop,Drop for premodern model,,**1778–1791**,Current cathedral was built 1778–1791; the older church/tower history should not be used as the present cathedral construction span. ([Wikipedia][19]),markdown_table,high_numeric,drop_no_match,0.2608695652173913
cathedral,Frosinone Cathedral,,700.0,1200.0,,,,drop,Review/drop,,**18th c. remodel / review**,Source only clearly says it was extensively remodeled in the 18th century and became a cathedral in 1986; raw medieval range is not supported by this pass. ([Wikipedia][26]),markdown_table,high_numeric,drop_no_match,0.3384615384615385
cathedral,Zeitz Cathedral,,900.0,1250.0,,,,drop,Review,,**review**,I did not get a reliable source in this pass; raw dates should not be accepted yet.,markdown_table,high_numeric,drop_no_match,0.3333333333333333
cathedral,Catanzaro Cathedral,,1121.0,1121.0,,,,drop,Review/drop,,**review**,Same-year duration is clearly unusable without source checking.,markdown_table,high_numeric,drop_no_match,0.3235294117647059
cathedral,Cambrai Cathedral,,1054.0,1703.0,1696.0,1703.0,7.0,drop,Drop/review,,**1696–1703** current cathedral; old cathedral separate,Present cathedral was built 1696–1703 as the abbey church of Saint-Sépulcre; old medieval cathedral was destroyed. ([Wikipedia][29]),markdown_table,high_numeric,drop_no_match,0.3103448275862069
cathedral,Amalfi Cathedral,,987.0,1900.0,1180.0,1280.0,100.0,drop,Review,,"**9th/10th c.–13th c. core**, or **1180–c. 1280 bell tower**","Cathedral began in the 9th/10th centuries, with many later additions and a 19th-century façade. Raw 1900 endpoint should not be used. ([Wikipedia][37])",markdown_table,high_numeric,drop_no_match,0.3137254901960784
cathedral,Capua Cathedral,,500.0,1500.0,,,,drop,,,,Too phase-confused from this pass; needs dedicated source check.,markdown_table,high_numeric,drop_no_match,0.22950819672131148
cathedral,Acerra Cathedral,,800.0,1874.0,,,,drop,,,,Present/current building history unclear from this pass; review later.,markdown_table,high_numeric,drop_no_match,0.2711864406779661
cathedral,Caccamo Cathedral,,1616.0,1480.0,,,,drop,,,,Clearly reversed/invalid dates; review later before use.,markdown_table,high_numeric,drop_no_match,0.32142857142857145
cathedral,Biella Cathedral,,1402.0,1900.0,,,,drop,,,,Current fabric/date basis too unclear from this pass.,markdown_table,high_numeric,drop_no_match,0.3018867924528302
cathedral,Syracuse Cathedral,,1444.0,1753.0,,,,drop,,,,"Extremely phase-complex: Greek temple, Byzantine/Norman church, Baroque façade. Needs deliberate phase choice before modeling.",markdown_table,high_numeric,drop_no_match,0.2318840579710145
cathedral,Penne Cathedral,,900.0,2000.0,,,,drop,,,,Keep only after source confirmation.,markdown_table,high_numeric,drop_no_match,0.3333333333333333
cathedral,Tulle Cathedral,,700.0,1300.0,,,,drop,,,,"Likely usable, but needs source check before numeric correction.",markdown_table,high_numeric,drop_no_match,0.3111111111111111
cathedral,Agen Cathedral,,700.0,1500.0,,,,drop,,,,Needs phase check.,markdown_table,high_numeric,drop_no_match,0.3137254901960784
cathedral,"Antibes, if strict premodern core only",,700.0,1746.0,,,,drop,,,,"Keep broad/rebuild only; the present external form is post-1747, but medieval parts survive.",markdown_table,high_numeric,drop_no_match,0.23809523809523808
cathedral,"Bergamo, if strict pre-1750 completion required",,1400.0,1900.0,,,,drop,,,,Keep as mid-15th–1689 if using premodern reconstruction; otherwise review.,markdown_table,high_numeric,drop_no_match,0.273972602739726
cathedral,Turin Cathedral,,1491.0,1498.0,1491.0,1498.0,7.0,keep,Keep,,**1491–1498**,This one is correct for the Renaissance cathedral body. ([Wikipedia][7]),markdown_table,high_numeric,keep_no_match,0.26666666666666666
cathedral,Meaux Cathedral,,1175.0,1540.0,1170.0,1600.0,430.0,keep,"Keep, broad",,**c. 1170–1600s**,Construction began about 1170; source lists completion in the 17th century. ([Wikipedia][8]),markdown_table,medium_broad_or_phase_choice,keep_no_match,0.2413793103448276
cathedral,Rieti Cathedral,,200.0,1300.0,1109.0,1225.0,116.0,keep,Keep,,**1109–1225**,Current cathedral begun 1109; lower church consecrated 1137; upper church consecrated 1225. ([Wikipedia][10]),markdown_table,high_numeric,keep_no_match,0.24561403508771928
cathedral,Vienne Cathedral,,700.0,1527.0,1130.0,1529.0,399.0,keep,Keep,,**c. 1130–1529**,Present building began about 1130; façade capstone/last stone in 1529. ([Wikipedia][11]),markdown_table,high_numeric,keep_no_match,0.32
cathedral,Chalon Cathedral,,1090.0,1520.0,1090.0,1522.0,432.0,keep,Keep,,**1090–1522**,Source gives Romanesque work from 1090 and Gothic campaigns through 1522. ([Wikipedia][14]),markdown_table,high_numeric,keep_no_match,0.3333333333333333
cathedral,Tarbes Cathedral,,1100.0,1400.0,,,,keep,"Keep, broad",,**12th c.–14th c.**,Original building 12th century; Gothic nave extension in 14th century. Current numeric range is acceptable as a broad proxy. ([Wikipedia][15]),markdown_table,medium_broad_or_phase_choice,keep_no_match,0.3076923076923077
cathedral,Perugia Cathedral,,1345.0,1490.0,1345.0,1490.0,145.0,keep,Keep,,**1345–1490**,Correct. ([Wikipedia][17]),markdown_table,high_numeric,keep_no_match,0.33962264150943394
cathedral,Naples Cathedral,,1200.0,2000.0,1272.0,1341.0,69.0,keep,Keep,,**1272–1341**,Present Angevin cathedral was built under Charles of Anjou beginning 1272 and completed in the early 14th century / 1341. ([Wikipedia][18]),markdown_table,high_numeric,keep_no_match,0.2711864406779661
cathedral,Autun Cathedral,,700.0,1469.0,1120.0,1146.0,26.0,keep,Keep,,**1120–1146**,"Earlier cathedral history should not be used. Saint-Lazare began c.1120, mostly finished by 1146; 1462–1469 is later belfry work. ([Wikipedia][19])",markdown_table,high_numeric,keep_no_match,0.2978723404255319
cathedral,Asti Cathedral,,1266.0,1470.0,1266.0,1470.0,204.0,keep,Keep,,**1266–c. 1470**,1266 bell tower and major medieval/Gothic building history are plausible; exact final date needs stronger source but current range is defensible. ([Wikipedia][20]),markdown_table,high_numeric,keep_no_match,0.21818181818181817
cathedral,Angers Cathedral,,1143.0,1240.0,1140.0,1274.0,134.0,keep,Keep,,**c. 1140–1274**,Gothic rebuilding began mid-12th century; choir/transept phase continued 1235–1274. ([Wikipedia][21]),markdown_table,high_numeric,keep_no_match,0.32
cathedral,Nevers Cathedral,,700.0,1331.0,1068.0,1528.0,460.0,keep,"Keep, multi-phase",,**1068–1528**,"Rebuilt from 1068, consecrated 1097; later Gothic rebuilding and tower work completed 1528. ([Wikipedia][23])",markdown_table,high_numeric,keep_no_match,0.21621621621621623
cathedral,Lyon Cathedral,,1165.0,1332.0,1180.0,1476.0,296.0,keep,Keep,,**1180–1476/1480**,Source gives begun 1180 and completed 1476/1480. ([Wikipedia][33]),markdown_table,high_numeric,keep_no_match,0.27906976744186046
cathedral,Basel Minster,,1180.0,1420.0,1180.0,1500.0,320.0,keep,"Keep, define phase",,**1019–1500** or **c. 1180–1500**,Original cathedral 1019–1500; standing late Romanesque/Gothic structure mostly from late 12th century and completed 1500. ([Wikipedia][35]),markdown_table,medium_broad_or_phase_choice,keep_no_match,0.3333333333333333
cathedral,Verona Cathedral,,800.0,1140.0,1117.0,1187.0,70.0,keep,Keep,,**1117–1187**,Present cathedral was erected after the 1117 earthquake and consecrated in 1187. ([Wikipedia][40]),markdown_table,high_numeric,keep_no_match,0.25396825396825395
cathedral,Vicenza Cathedral,,700.0,2000.0,1482.0,1560.0,78.0,keep,Keep,,**1482–1560s**,Present cathedral construction began in 1482 and was completed in the 1560s; WWII reconstruction should not extend construction to 2000. ([Wikipedia][41]),markdown_table,high_numeric,keep_no_match,0.28125
cathedral,Senlis Cathedral,,1151.0,1191.0,1151.0,1191.0,40.0,keep,Keep,,**1151/1153–1191**,Current church started around 1151/1153 and was consecrated in 1191. ([Wikipedia][2]),markdown_table,high_numeric,keep_no_match,0.24242424242424243
cathedral,Laon Cathedral,,1135.0,1235.0,1160.0,1230.0,70.0,keep,Keep,,**c. 1160–1230**,Present cathedral began in the late 1150s/around 1160 and was essentially completed by 1230. ([Wikipedia][5]),markdown_table,high_numeric,keep_no_match,0.27906976744186046
cathedral,Spoleto Cathedral,,800.0,1800.0,1151.0,1227.0,76.0,keep,Keep,,**1151–1227**,"Present cathedral was constructed between 1151 and 1227, replacing an earlier church. ([Wikipedia][8])",markdown_table,high_numeric,keep_no_match,0.30985915492957744
cathedral,Faenza Cathedral,,1474.0,1515.0,1474.0,1515.0,41.0,keep,Keep,,**1474–1515**,Correct. Construction began in 1474 and finished in 1515. ([Wikipedia][9]),markdown_table,high_numeric,keep_no_match,0.2711864406779661
cathedral,Mainz Cathedral,,1085.0,1400.0,975.0,1036.0,61.0,keep,Keep,,**975/976–1036** core,The main Ottonian/Romanesque cathedral was begun under Willigis around 975/976; dedicated in 1009 and main portions complete by 1036. ([Wikipedia][12]),markdown_table,high_numeric,keep_no_match,0.32558139534883723
cathedral,Como Cathedral,,1396.0,1740.0,1396.0,1770.0,374.0,keep,Keep,,**1396–1770**,"Construction began in 1396 and did not finish until the Rococo cupola was completed in 1770; some summaries use 1740, but the more detailed source says 1770. ([Wikipedia][18])",markdown_table,high_numeric,keep_no_match,0.21818181818181817
cathedral,Parma Cathedral,,700.0,1178.0,1058.0,1178.0,120.0,keep,Keep,,**1058–1178**,"New cathedral began after the 1058 fire; consecrated in 1106, damaged in 1117, façade completed in 1178. ([Wikipedia][20])",markdown_table,high_numeric,keep_no_match,0.24561403508771928
cathedral,Prato Cathedral,,1100.0,1400.0,,,,keep,Review/keep broad,,**1211–early 15th c.**,"Earlier church is documented by 994; rebuilding/expansion begins around 1211, with major 14th–15th-century additions. ([Wikipedia][21])",markdown_table,medium_broad_or_phase_choice,keep_no_match,0.2807017543859649
cathedral,Lucca Cathedral,,1000.0,1200.0,1060.0,1204.0,144.0,keep,Keep,,**1060–1204** core/façade start,"Current cathedral began in 1060, consecrated in 1070, and west front began in 1204; later Gothic rebuilding followed. ([Wikipedia][22])",markdown_table,high_numeric,keep_no_match,0.3225806451612903
cathedral,Nicosia Cathedral,,1280.0,1300.0,1302.0,1340.0,38.0,keep,Keep,,**1302–1340**,Larger church begun by 1302 and completed in 1340. ([Wikipedia][28]),markdown_table,high_numeric,keep_no_match,0.34615384615384615
cathedral,Casertavecchia Cathedral,,1113.0,1153.0,1113.0,1153.0,40.0,keep,Keep,,**1113–1153**,Correct for the original episcopal church; later 13th-century additions can be treated separately. ([Wikipedia][31]),markdown_table,high_numeric,keep_no_match,0.2571428571428571
cathedral,Tivoli Cathedral,,1000.0,1700.0,1634.0,1650.0,16.0,keep,Keep/review,,**1634/1641–1650**,Present Baroque cathedral was built under Cardinal Giulio Roma and completed with portico in 1650; older Romanesque church is separate. ([Wikipedia][35]),markdown_table,medium_broad_or_phase_choice,keep_no_match,0.3137254901960784
cathedral,Melfi Cathedral,,1076.0,1770.0,1076.0,1153.0,77.0,keep,"Keep, choose phase",,**1076–1153** core; **1723–1770** Baroque rebuild,Source explicitly separates original construction from later Baroque reconstruction after earthquakes. ([Wikipedia][38]),markdown_table,medium_broad_or_phase_choice,keep_no_match,0.24561403508771928
cathedral,Gaeta Cathedral,,1100.0,1950.0,1106.0,1279.0,173.0,keep,,,**c. 1106–1279** or **1788–1793 phase**,"Medieval cathedral exists, but major neoclassical renovation was 1788–1793; for premodern core, use medieval span, not 1950. ([Wikipedia][2])",markdown_table,high_numeric,keep_no_match,0.16091954022988506
cathedral,Worcester Cathedral,,680.0,2008.0,1084.0,1504.0,420.0,keep,,,**1084–1504**,Current surviving fabric begins with Wulfstan’s Romanesque rebuilding in 1084; medieval building campaigns continue to 1504. ([Wikipedia][4]),markdown_table,high_numeric,keep_no_match,0.2616822429906542
cathedral,Vasto Cathedral,,1200.0,2000.0,,,,keep,,,**13th c.**,Built sometime in the 13th century as St Augustine; later cathedral status/restorations should not extend duration to 2000. ([Wikipedia][5]),markdown_table,high_numeric,keep_no_match,0.27586206896551724
cathedral,Benevento Cathedral,,600.0,2000.0,,,,keep,,,**8th c.–1473**,Lombard/medieval cathedral expanded from 8th century and repaired/consecrated in 1473; modern 1950s–60s reconstruction should not define medieval duration. ([Wikipedia][8]),markdown_table,high_numeric,keep_no_match,0.30985915492957744
cathedral,Pisa Cathedral,,1064.0,1092.0,1064.0,1180.0,116.0,keep,,,**1064–1180**,"Begun 1064, consecrated 1118, enlargement/façade work finished by 1180. ([Wikipedia][9])",markdown_table,high_numeric,keep_no_match,0.21818181818181817
cathedral,Gubbio Cathedral,,1194.0,1350.0,,,,keep,,,**13th–14th c.**,Built in the 13th and 14th centuries over an earlier Romanesque church. ([Wikipedia][12]),markdown_table,high_numeric,keep_no_match,0.25
cathedral,Teramo Cathedral,,1158.0,1493.0,1158.0,1493.0,335.0,keep,,,**1158–1493**,"Keep as multi-phase: Romanesque core 1158–1176, Gothic extension 1331–1335, bell tower phases through 1493. ([Wikipedia][13])",markdown_table,high_numeric,keep_no_match,0.1951219512195122
cathedral,Bosa Cathedral,,1700.0,1809.0,1803.0,1809.0,6.0,keep,,,**1803–1809**,Present building is product of restorations/rebuilding from 1803 and re-consecrated in 1809. ([Wikipedia][20]),markdown_table,high_numeric,keep_no_match,0.1935483870967742
cathedral,Schwerin Cathedral,,1171.0,1246.0,1172.0,1248.0,76.0,keep,,,**1172–1248**,Stone cathedral foundation laid 1172 and consecrated after 76 years in 1248. ([Wikipedia][21]),markdown_table,high_numeric,keep_no_match,0.2898550724637681
cathedral,Lausanne Cathedral,,600.0,1268.0,1170.0,1235.0,65.0,keep,,,**1170–1235/1275**,"Construction began 1170, most existing cathedral completed by 1235, consecrated 1275. ([Wikipedia][23])",markdown_table,high_numeric,keep_no_match,0.3492063492063492
cathedral,Albi Cathedral,,850.0,1397.0,1282.0,1480.0,198.0,keep,,,**1282–1480**,Gothic cathedral began 1282 and was consecrated in 1480. ([Wikipedia][24]),markdown_table,high_numeric,keep_no_match,0.2641509433962264
cathedral,Saluzzo Cathedral,,1491.0,1501.0,1491.0,1501.0,10.0,keep,,,**1491–1501**,Correct. Built between 1491 and 1501. ([Wikipedia][33]),markdown_table,high_numeric,keep_no_match,0.29508196721311475
cathedral,Nantes Cathedral,,1430.0,1536.0,1434.0,1891.0,457.0,keep,,,**1434–1891**,"Raw end undercounts; construction began 1434 and finished 1891. Since it begins pre-1750 but ends modern, keep only if long-duration completions are allowed. ([Wikipedia][37])",markdown_table,high_numeric,keep_no_match,0.25396825396825395
cathedral,Lanciano Cathedral,,1300.0,1819.0,,,,keep,,,**18th c.–1819 façade**,Present neoclassical rebuild is 18th century; façade began 1819. Medieval/oratory history should not stretch this as one span. ([Wikipedia][38]),markdown_table,high_numeric,keep_no_match,0.3448275862068966
cathedral,Sassari Cathedral,,1100.0,1800.0,,,,keep,,,**12th–18th c.**,"Built in 12th century, later Gothic/Renaissance/Baroque/Neoclassical phases, construction finished in 18th century. ([Wikipedia][39])",markdown_table,high_numeric,keep_no_match,0.34615384615384615
cathedral,Lodi Cathedral,,1158.0,1284.0,1158.0,1284.0,126.0,keep,,,**1158–1284**,"Correct as broad medieval span: founded 1158, first phase 1163, façade completed 1284. ([Wikipedia][43])",markdown_table,high_numeric,keep_no_match,0.1875
cathedral,Rossano Cathedral,,800.0,1100.0,,,,keep,,,**11th c.**,Cathedral built in 11th century; later 18th–19th-century reconstructions should be separate. ([Wikipedia][44]),markdown_table,high_numeric,keep_no_match,0.2608695652173913
cathedral,Isernia Cathedral,,1349.0,1900.0,,,,keep,,,**1349–modern renovations**,Present building began 1349 but later appearance reflects repeated renovations; keep only with broad/multi-phase coding. ([Wikipedia][45]),markdown_table,high_numeric,keep_no_match,0.3103448275862069
cathedral,Novara Cathedral,,1400.0,1869.0,1863.0,1869.0,6.0,keep,,,**1863–1869**,Current building was built 1863–1869; original medieval church is separate. Keep only if modern cathedrals are allowed; otherwise exclude from pre-1750 model. ([Wikipedia][47]),markdown_table,high_numeric,keep_no_match,0.2711864406779661
cathedral,Trento Cathedral,,1212.0,1687.0,1212.0,1515.0,303.0,keep,,,**1212–1515**,Rebuilding began 1212; major medieval/early Renaissance work through lantern completed 1515. ([Wikipedia][48]),markdown_table,high_numeric,keep_no_match,0.3137254901960784
cathedral,Amiens Cathedral,,1220.0,1499.0,1220.0,1288.0,68.0,keep,,,**1220–1288**,Main Gothic construction completed by 1288; later strengthening/choir stalls/restoration should not extend construction to 1499. ([Wikipedia][49]),markdown_table,high_numeric,keep_no_match,0.3404255319148936
cathedral,Patti Cathedral,,1094.0,1094.0,,,,keep,,,**1090s–post-1693 rebuild**,"Founded in the 1090s, but almost completely rebuilt after 1693 earthquake; same-year raw duration is unusable. ([Wikipedia][50])",markdown_table,high_numeric,keep_no_match,0.2692307692307692
cathedral,Bologna Cathedral,,910.0,1800.0,1605.0,1747.0,142.0,keep,,,**1605–1747**,"Present structure is mainly late 16th/17th c.; new main building began 1605, façade 1743–1747. ([Wikipedia][3])",markdown_table,high_numeric,keep_no_match,0.34615384615384615
cathedral,Metz Cathedral,,1200.0,1359.0,1220.0,1359.0,139.0,keep,,,**c. 1220–1359**,"Gothic reconstruction began about 1220; nave covered by 1359, with later upper work continuing. ([Wikipedia][4])",markdown_table,high_numeric,keep_no_match,0.2608695652173913
cathedral,Pavia Cathedral,,1400.0,1933.0,1488.0,1930.0,442.0,keep,,,**1488–1930**,Present Renaissance cathedral began 1488; dome/façade/arms continued into modern completion. Keep only as long multi-phase record. ([Wikipedia][5]),markdown_table,high_numeric,keep_no_match,0.1917808219178082
cathedral,Ferrara Cathedral,,1135.0,1700.0,1135.0,1177.0,42.0,keep,,,**1135–1177** core,Present cathedral began 1135; main altar consecrated 1177. Later phases separate. ([Wikipedia][8]),markdown_table,high_numeric,keep_no_match,0.29508196721311475
cathedral,Mazara del Vallo Cathedral,,1086.0,1093.0,1086.0,1093.0,7.0,keep,,,**1086–1093**,"Keep as Norman foundation/consecration span, but flag short duration.",markdown_table,high_numeric,keep_no_match,0.19753086419753085
cathedral,"Toulouse Cathedral, row 1",,1120.0,1600.0,,,,keep,,,"**13th–17th c.**, broad",Keep one Toulouse record; do not keep duplicate rows separately unless deduplicating later.,markdown_table,medium_broad_or_phase_choice,keep_no_match,0.3333333333333333
cathedral,"Toulouse Cathedral, row 2",,1071.0,1100.0,,,,keep,,,**exclude duplicate / merge with Toulouse row**,Same monument as above; merge into one corrected record.,markdown_table,high_numeric,keep_no_match,0.3333333333333333
cathedral,Genoa Cathedral,,1098.0,1400.0,1098.0,1312.0,214.0,keep,,,**1098–1312/1400**,Keep broad; façade and medieval completion extend beyond initial consecration.,markdown_table,high_numeric,keep_no_match,0.32
cathedral,Alba Cathedral,,1400.0,1900.0,1486.0,1517.0,31.0,keep,,,"**1486–1517**, approx.","Use late medieval/Renaissance rebuilding, not 1900.",markdown_table,medium_broad_or_phase_choice,keep_no_match,0.2553191489361702
cathedral,Mondovì Cathedral,,1100.0,1753.0,1743.0,1753.0,10.0,keep,,,**1743–1753**,Current cathedral is 18th c.; keep only if not excluding late ecclesiastical rebuilds.,markdown_table,high_numeric,keep_no_match,0.3076923076923077
cathedral,Trieste Cathedral,,1302.0,1320.0,1302.0,1320.0,18.0,keep,,,**1302–1320**,Keep.,markdown_table,high_numeric,keep_no_match,0.34615384615384615
cathedral,Udine Cathedral,,1236.0,1600.0,1236.0,1335.0,99.0,keep,,,"**1236–1335**, or broad to 16th c.",Use medieval core unless modeling later renovations.,markdown_table,medium_broad_or_phase_choice,keep_no_match,0.22950819672131148
cathedral,Blois Cathedral,,1100.0,1200.0,1680.0,1700.0,20.0,keep,,,"**1680–1700**, approx.",Current Saint-Louis largely rebuilt after 17th-century damage.,markdown_table,medium_broad_or_phase_choice,keep_no_match,0.30434782608695654
cathedral,Noyon Cathedral,,1145.0,1295.0,1145.0,1235.0,90.0,keep,,,**1145–1235/1295**,Keep.,markdown_table,high_numeric,keep_no_match,0.2222222222222222
cathedral,Nîmes Cathedral,,700.0,1096.0,,,,keep,,,"**11th c.–1096**, broad",Keep as Romanesque construction/consecration.,markdown_table,medium_broad_or_phase_choice,keep_no_match,0.19672131147540983
cathedral,Geneva Cathedral,,600.0,1225.0,1160.0,1252.0,92.0,keep,,,"**1160–1252**, approx.","Use Romanesque/Gothic cathedral, not early Christian site.",markdown_table,medium_broad_or_phase_choice,keep_no_match,0.32653061224489793
cathedral,Matelica Co-Cathedral,,1350.0,1500.0,1350.0,1500.0,150.0,keep,,,"**1350–1500**, provisional",Keep/review; plausible but source-check later.,markdown_table,medium_broad_or_phase_choice,keep_no_match,0.2898550724637681
cathedral,Lucera Cathedral,,1302.0,1317.0,1302.0,1317.0,15.0,keep,,,**1302–1317**,Keep.,markdown_table,high_numeric,keep_no_match,0.23529411764705882
cathedral,Poitiers Cathedral,,700.0,1379.0,1162.0,1379.0,217.0,keep,,,**1162–1379**,"Use Angevin/Gothic cathedral, not early foundation.",markdown_table,high_numeric,keep_no_match,0.29850746268656714
cathedral,Barletta Cathedral,,1126.0,1400.0,,,,keep,,,**1126–14th c.**,Keep broad.,markdown_table,high_numeric,keep_no_match,0.3125
cathedral,Trani Cathedral,,1099.0,1143.0,1099.0,1143.0,44.0,keep,,,**1099–1143**,Keep.,markdown_table,high_numeric,keep_no_match,0.23728813559322035
cathedral,Altamura Cathedral,,1232.0,1254.0,1232.0,1254.0,22.0,keep,,,**1232–1254**,Keep.,markdown_table,high_numeric,keep_no_match,0.3333333333333333
cathedral,Chioggia Cathedral,,1624.0,1802.0,1624.0,1674.0,50.0,keep,,,"**1624–1674**, approx.",Present cathedral built after collapse/fire; 1802 likely not construction end.,markdown_table,medium_broad_or_phase_choice,keep_no_match,0.31746031746031744
cathedral,Nardò Cathedral,,1000.0,1899.0,,,,keep,,,"**11th c.–18th c.**, broad",Keep/review as multi-phase; raw 1899 should not be used.,markdown_table,medium_broad_or_phase_choice,keep_no_match,0.30303030303030304
cathedral,Bari Cathedral,,1100.0,1292.0,1170.0,1292.0,122.0,keep,,,**1170–1292**,Keep.,markdown_table,high_numeric,keep_no_match,0.2608695652173913
cathedral,Volterra Cathedral,,800.0,1800.0,1120.0,1254.0,134.0,keep,,,"**1120–1254**, approx.",Use Romanesque cathedral phase.,markdown_table,medium_broad_or_phase_choice,keep_no_match,0.2777777777777778
cathedral,Troina former cathedral,,1067.0,1078.0,1067.0,1078.0,11.0,keep,,,**1067–1078**,Keep.,markdown_table,high_numeric,keep_no_match,0.21621621621621623
cathedral,Rodez Cathedral,,1277.0,1542.0,1277.0,1529.0,252.0,keep,,,**1277–1529**,New cathedral began after the 1276 collapse; major tower work was built 1501–1529. ([Wikipedia][3]),markdown_table,high_numeric,keep_no_match,0.22950819672131148
cathedral,Palermo Cathedral,,1185.0,1800.0,1185.0,1465.0,280.0,keep,,,**1185–1465**,"Use Norman/medieval fabric plus Gothic-Catalan portico, not later 18th-century interior remaking. Source identifies the apse as 12th-century and the south portico as c.1465. ([Wikipedia][5])",markdown_table,high_numeric,keep_no_match,0.2727272727272727
cathedral,Orléans Cathedral,,700.0,1320.0,1288.0,1530.0,242.0,keep,,,**1288–1530** medieval Gothic phase; or **1601–1829** present rebuilt cathedral,"Because the medieval cathedral was badly damaged in the Wars of Religion, choose based on phase. For your premodern model I would use **1288–1530**. ([Wikipedia][8])",markdown_table,high_numeric,keep_no_match,0.34782608695652173
cathedral,Sens Cathedral,,700.0,1532.0,1130.0,1160.0,30.0,keep,,,**1130/1135–1160** core,First Gothic cathedral phase began 1130–1135 and was completed by about 1160; later phases should be separate. ([Wikipedia][10]),markdown_table,high_numeric,keep_no_match,0.16
cathedral,Siena Cathedral,,1220.0,1370.0,1226.0,1268.0,42.0,keep,,,**1196–1355** broad medieval campaign; or **1226–1268** core,"Construction organization starts by 1196; major addition abandoned in 1355. For broad duration, use **1196–1355**. ([Wikipedia][11])",markdown_table,medium_broad_or_phase_choice,keep_no_match,0.24561403508771928
cathedral,Catania Cathedral,,1086.0,1200.0,1693.0,1711.0,18.0,keep,,,**1078–1093** Norman core; or **1693–1711** Baroque rebuild,"For premodern Norman core, use **1078–1093**. ([Wikipedia][14])",markdown_table,high_numeric,keep_no_match,0.34615384615384615
cathedral,Chur Cathedral,,700.0,1272.0,1151.0,1272.0,121.0,keep,,,**1151–1272**,Current Romanesque church began under Bishop Adalgott and was completed/consecrated in 1272. ([Wikipedia][16]),markdown_table,high_numeric,keep_no_match,0.3018867924528302
cathedral,Auxerre Cathedral,,1220.0,1500.0,1215.0,1233.0,18.0,keep,,,**1215–1543** broad; or **1215–1233** east-end core,Use broad Gothic construction if you allow long campaigns; source gives work from about 1215 and north tower completed in 1543. ([Wikipedia][19]),markdown_table,medium_broad_or_phase_choice,keep_no_match,0.34615384615384615
cathedral,Bourges Cathedral,,1195.0,1480.0,1195.0,1524.0,329.0,keep,,,**1195–1259** main Gothic body; or **1195–1524** including tower repairs,"For modeling core cathedral construction, use **1195–1259**. ([Wikipedia][21])",markdown_table,high_numeric,keep_no_match,0.34615384615384615
cathedral,Rouen Cathedral,,1120.0,1478.0,1145.0,1506.0,361.0,keep,,,**1145–1506** broad medieval campaign,Keep broad; raw start/end understate the long Gothic sequence.,markdown_table,medium_broad_or_phase_choice,keep_no_match,0.3111111111111111
cathedral,Auch Cathedral,,1489.0,1520.0,1489.0,1548.0,59.0,keep,,,**1489–1680s** broad; or **1489–1548 core**,"Keep, but choose core vs full decorated campaign later.",markdown_table,medium_broad_or_phase_choice,keep_no_match,0.26666666666666666
cathedral,Grasse Cathedral,,1200.0,1300.0,,,,keep,,,**12th–13th c.**,Keep broad medieval span.,markdown_table,high_numeric,keep_no_match,0.28125
cathedral,Pistoia Cathedral,,900.0,2000.0,,,,keep,,,"**12th–13th c. core**, broad",Keep broad if using medieval core rather than modern restoration.,markdown_table,medium_broad_or_phase_choice,keep_no_match,0.3137254901960784
cathedral,Osimo Co-Cathedral,,600.0,1320.0,,,,keep,,,"**12th–13th c.**, broad","Keep broad medieval fabric, not early foundation.",markdown_table,medium_broad_or_phase_choice,keep_no_match,0.25
cathedral,Penne Cathedral,,900.0,2000.0,,,,keep,,,"**12th–13th c. core**, broad",Keep only if coded as broad medieval core; modern phases should not extend to 2000.,markdown_table,medium_broad_or_phase_choice,keep_no_match,0.2857142857142857
cathedral,Antibes Cathedral,,700.0,1746.0,,,,keep,,,**1747–18th c.**,"Present external form mostly follows reconstruction after Austrian bombardment in 1746–47; older choir/medieval fabric survives, but raw 700 start is site/foundation history. ([Wikipedia][2])",markdown_table,high_numeric,keep_no_match,0.28125
cathedral,Soissons Cathedral,,810.0,1479.0,1176.0,1479.0,303.0,keep,,,**1176–1479**,Current Gothic cathedral was ordered in 1176 and dedicated/completed in 1479. ([Wikipedia][6]),markdown_table,high_numeric,keep_no_match,0.28169014084507044
cathedral,Limoges Cathedral,,700.0,1499.0,1273.0,1499.0,226.0,keep,,,**1273–1499** medieval phase; **1273–1888** full,"Gothic construction began in 1273; medieval campaigns reached the nave by 1499, while final completion occurred in 1888. For your premodern model, use **1273–1499**. ([Wikipedia][7])",markdown_table,high_numeric,keep_no_match,0.34615384615384615
cathedral,Lodève Cathedral,,1265.0,1320.0,1265.0,1430.0,165.0,keep,,,**1265/1270–1430**,Gothic cathedral began around 1265/1270; major construction phases continued through the western façade between 1413 and 1430. ([Wikipedia][8]),markdown_table,high_numeric,keep_no_match,0.32
cathedral,Agde Cathedral,,700.0,1200.0,,,,keep,,,**1173–12th c.**,"Present fortified Romanesque cathedral began in 1173, replacing earlier churches. ([Wikipedia][9])",markdown_table,high_numeric,keep_no_match,0.3404255319148936
cathedral,Saint-Pol-de-Léon Cathedral,,780.0,1500.0,,,,keep,,,**13th c.–late 16th c.**,"Present cathedral was built in stages: 13th-century nave/façade, early-15th-century choir/transept, and completion in the second half of the 16th century. ([Wikipedia][10])",markdown_table,high_numeric,keep_no_match,0.3283582089552239
cathedral,Foligno Cathedral,,1100.0,2000.0,1133.0,1201.0,68.0,keep,,,**1133–1201** core,"Romanesque cathedral built 1133–1201; later transepts, dome, restorations, and modern repairs should not stretch the core duration. ([Wikipedia][12])",markdown_table,high_numeric,keep_no_match,0.32727272727272727
cathedral,Troyes Cathedral,,700.0,1500.0,1199.0,1532.0,333.0,keep,,,**1199/1200–1532**,Gothic rebuilding began after the 1188 fire; west front lower level finished around 1531–1532. ([Wikipedia][13]),markdown_table,high_numeric,keep_no_match,0.3333333333333333
cathedral,Tours Cathedral,,1170.0,1400.0,1170.0,1547.0,377.0,keep,,,**1170–1547**,Current cathedral was built between 1170 and 1547. ([Wikipedia][14]),markdown_table,high_numeric,keep_no_match,0.2978723404255319
cathedral,Cremona Cathedral,,1107.0,1491.0,1107.0,1491.0,384.0,keep,,,**1107–1196** core; **1107–1491 broad**,Core Romanesque construction began in 1107 and main altar was consecrated in 1196; keep 1491 only if using broad multi-phase tower/façade history. ([Wikipedia][15]),markdown_table,medium_broad_or_phase_choice,keep_no_match,0.29508196721311475
cathedral,Orange Cathedral,,700.0,1208.0,,,,keep,,,**12th c.–1208**,Rebuilt in Romanesque style in the 12th century and consecrated in 1208. ([Wikipedia][17]),markdown_table,high_numeric,keep_no_match,0.3404255319148936
cathedral,Casale Monferrato Cathedral,,1000.0,1900.0,,,,keep,,,**1107/1108** core/consecration; **early 12th c.** broad,Present Romanesque/Gothic structure was first consecrated in 1107 or 1108; earlier 9th-century church should not define the present building. ([Wikipedia][21]),markdown_table,medium_broad_or_phase_choice,keep_no_match,0.25806451612903225
cathedral,Évreux Cathedral,,700.0,1455.0,,,,keep,,,"**1119–16th c.**, or **1253–16th c. Gothic phase**","Existing fabric includes Romanesque lower nave and later Gothic/Flamboyant phases; use broad medieval phase, not 700. ([Wikipedia][23])",markdown_table,high_numeric,keep_no_match,0.3404255319148936
cathedral,Apt Cathedral,,700.0,1320.0,,,,keep,,,**11th–14th c.**,Keep as broad Romanesque/Gothic multi-phase former cathedral.,markdown_table,high_numeric,keep_no_match,0.3404255319148936
cathedral,Aix Cathedral,,700.0,1513.0,,,,keep,,,**12th c.–1513**,"Romanesque church began in the early 12th century; Gothic transepts from 1285–1316, final façade statues in 1513. ([Wikipedia][26])",markdown_table,high_numeric,keep_no_match,0.22727272727272727
cathedral,Sisteron Cathedral,,1160.0,1220.0,1160.0,1220.0,60.0,keep,,,**1160–1220**,Correct; Romanesque building was built between 1160 and 1220. ([Wikipedia][28]),markdown_table,high_numeric,keep_no_match,0.29850746268656714
cathedral,Pamiers Cathedral,,1000.0,1400.0,,,,keep,,,**12th c.–1689**,Original church dates to 12th century; nave reconstruction was completed in 1689 after Wars of Religion damage. ([Wikipedia][29]),markdown_table,high_numeric,keep_no_match,0.3076923076923077
cathedral,Lectoure Cathedral,,1473.0,1600.0,1480.0,1600.0,120.0,keep,,,**12th c.–1600** broad; or **1480–1600** late phase,"Nave was vaulted in the late 12th century, repaired in 1480; choir/apse and chapels were completed around the early 16th century, ambulatory in 1600. ([Wikipedia][30])",markdown_table,medium_broad_or_phase_choice,keep_no_match,0.29411764705882354
cathedral,Narbonne Cathedral,,700.0,1354.0,1272.0,1354.0,82.0,keep,,,**1272–1354**,"Present Gothic cathedral began in 1272 and was gradually expanded until 1354, when expansion stopped because of the city walls; it remained unfinished. ([Wikipedia][1])",markdown_table,high_numeric,keep_no_match,0.29411764705882354
cathedral,Reims Cathedral,,1211.0,1275.0,1211.0,1275.0,64.0,keep,,,**1211–1275**,"Raw dates are usable for the main structural Gothic campaign; source lists groundbreaking in 1211 and structural completion in 1275, though later façade/tower work continued. ([Wikipedia][2])",markdown_table,high_numeric,keep_no_match,0.3111111111111111
cathedral,Quimper Cathedral,,1239.0,1493.0,1239.0,1493.0,254.0,keep,,,**1239–1493**,"First part of the cathedral began in 1239; work continued through the 15th–16th centuries, and 1493 is a defensible late medieval endpoint tied to major benefactor/building history. ([Wikipedia][4])",markdown_table,high_numeric,keep_no_match,0.33962264150943394
cathedral,Verdun Cathedral,,847.0,1528.0,990.0,1147.0,157.0,keep,,,**990–1147**,"Use the Romanesque cathedral, not earlier origins or later furnishings/chapels. Source lists groundbreaking 990 and completion 1147. ([Wikipedia][5])",markdown_table,high_numeric,keep_no_match,0.3404255319148936
cathedral,Valence Cathedral,,1063.0,1150.0,1063.0,1095.0,32.0,keep,,,**1063–1095**,"Construction was initiated under Bishop Gontard, whose episcopate was 1063–1099, and the cathedral was consecrated in 1095. ([Wikipedia][8])",markdown_table,high_numeric,keep_no_match,0.32142857142857145
