row_index,study_id,monument_type,name,site_or_city,matched_to,similarity,old_start,old_end,old_duration,new_start,new_end,new_duration,confidence,notes
1,CAT_0002,cathedral,Erfurter Dom,Erfurt,Erfurter Dom,0.7058823529411765,752.0,1465.0,713.0,1150.0,1465.0,315.0,medium_broad_or_phase_choice,"742 is site/foundation history, not present cathedral construction. Present architectural history begins with a Romanesque basilica in the mid-12th century and Gothic work in the 14th–15th centuries. ([Wikipedia][2])"
3,CAT_0004,cathedral,Cathédrale Notre-Dame,Chartres,Chartres Cathedral,0.39215686274509803,1134.0,1260.0,126.0,1194.0,1260.0,66.0,high_numeric,1134 is Royal Portal/tower phase; main present Gothic rebuilding began after the 1194 fire and consecration was in 1260. ([Wikipedia][4])
5,CAT_0006,cathedral,Cathédrale Saint-Pierre,Beauvais,Beauvais Cathedral,0.37735849056603776,1225.0,1347.0,122.0,1225.0,1600.0,375.0,high_numeric,"1347 undercounts; construction began 1225, choir completed 1272, transept built 16th c., and nave work halted finally in 1600. ([Wikipedia][6])"
12,CAT_0014,cathedral,Duomo,Cosenza,Cosenza Cathedral,0.5454545454545454,1000.0,1200.0,622.0,1185.0,1222.0,37.0,high_numeric,"Earlier cathedral was 11th c., destroyed in 1184; rebuilt and completed/consecrated in 1222. ([Wikipedia][13])"
15,CAT_0017,cathedral,Bamberger Dom,Bamberg,Bamberg Cathedral,0.43902439024390244,950.0,1237.0,287.0,1185.0,1237.0,52.0,high_numeric,950/1002 belongs to earlier buildings. Current cathedral was erected after the 1185 fire and consecrated in 1237. ([Wikipedia][16])
23,CAT_0025,cathedral,Cathedral Church of St Machar,Aberdeen,"St Machar, Aberdeen",0.6101694915254238,1130.0,1530.0,400.0,1131.0,1530.0,399.0,high_numeric,Norman cathedral began after see transfer in 1131; current medieval fabric developed afterward. Source confirms 1131 origin. ([Wikipedia][24])
25,CAT_0027,cathedral,Église Saint-Pierre,Lisieux,Lisieux Cathedral,0.3829787234042553,700.0,1230.0,530.0,1160.0,1250.0,90.0,medium_broad_or_phase_choice,Full rebuilding began in 1160; lantern tower built 1250; southwest tower 1553. For main Gothic core use 1160–1250. ([Wikipedia][26])
27,CAT_0029,cathedral,Duomo di Padova,Padova (Padua),Padua Cathedral,0.35,300.0,1754.0,880.0,1551.0,1754.0,203.0,high_numeric,Present Renaissance building began 1551 and completed/consecrated 1754. ([Wikipedia][28])
31,CAT_0034,cathedral,Cattedrale di San Florido,Citta di Castello (Città di Castello),Città di Castello Cathedral,0.4931506849315068,600.0,1600.0,929.0,1466.0,1529.0,63.0,high_numeric,"Tradition says founded in 6th c., but Renaissance rebuild occurred 1466–1529 and consecrated 1540. ([Wikipedia][32])"
33,CAT_0036,cathedral,Cathédrale Saint-Pierre,Saintes,Saintes Cathedral,0.35294117647058826,700.0,1700.0,1000.0,1450.0,1568.0,118.0,high_numeric,"Earlier 12th-century fabric remains, but the church was largely rebuilt from 1450 and still unfinished in 1568. ([Wikipedia][34])"
36,CAT_0039,cathedral,Duomo Antico,Milazzo,"Duomo Antico, Milazzo",0.9302325581395349,1607.0,350.0,19.0,1607.0,1642.0,35.0,high_numeric,"Current `end_year=350` is definitely wrong. Source gives construction from 1607, consecration 1616, final works completed 1642. ([Wikipedia][37])"
37,CAT_0040,cathedral,Basilica di San Marco,Venezia,"Basilica di San Marco, Venice",0.8666666666666667,1063.0,1617.0,279.0,1063.0,1094.0,31.0,high_numeric,Major Contarini church rebuilt from 1063; dedication/relic placement in 1094. Later decoration phases should not extend construction duration to 1617. ([Wikipedia][38])
41,CAT_0044,cathedral,Cattedrale di San Romolo,Firenze,Cattedrale di San Romolo / Fiesole Cathedral,0.8051948051948052,1028.0,1260.0,232.0,1028.0,1260.0,232.0,high_numeric,"Present cathedral founded in 1028; expanded in the 13th century, with inscriptions around 1201, 1256, and 1260. ([Wikipedia][1])"
47,CAT_0050,cathedral,Salisbury Cathedral,Salisbury,Salisbury Cathedral,0.7450980392156863,1092.0,1934.0,138.0,1220.0,1330.0,110.0,high_numeric,"1092 is Old Sarum Cathedral, not the present Salisbury Cathedral. Present building foundation stones were laid in 1220; nave/transepts/choir complete by 1258; tower/spire later. ([Wikipedia][7])"
51,CAT_0055,cathedral,Chiesa Cattedrale di Cesena,Cesena,Cesena Cathedral,0.37735849056603776,1385.0,2000.0,506.0,1385.0,1404.0,19.0,high_numeric,Construction started in 1385 and was completed around 1404/1405; 2000 is not a construction end date. ([Wikipedia][11])
54,CAT_0058,cathedral,Duomo di Santa Maria Assunta,Montagnana,Duomo di Montagnana,0.6229508196721312,1000.0,1502.0,502.0,1431.0,1502.0,71.0,high_numeric,Present church was built between 1431 and 1502. ([Wikipedia][14])
65,CAT_0070,cathedral,Norwich Cathedral,Norwich,Norwich Cathedral,0.7555555555555555,1096.0,1101.0,434.0,1096.0,1145.0,49.0,high_numeric,Construction began in 1096; entire cathedral completed by 1145. The raw 1101 endpoint is too short. ([Wikipedia][24])
68,CAT_0073,cathedral,Cattedrale di Avellino,Avellino,Avellino Cathedral,0.4230769230769231,1132.0,1166.0,34.0,1132.0,1166.0,34.0,high_numeric,Correct for the Romanesque cathedral. ([Wikipedia][27])
73,CAT_0078,cathedral,Cathédrale Notre-Dame de Paris,Paris,Notre-Dame de Paris,0.6551724137931034,1160.0,1345.0,185.0,1163.0,1345.0,182.0,high_numeric,Construction began in 1163 and was largely completed by 1345. ([Wikipedia][30])
76,CAT_0081,cathedral,Duomo di Crema,Crema,Crema Cathedral,0.47368421052631576,1284.0,1341.0,890.0,1284.0,1341.0,57.0,high_numeric,The raw dates look plausible; source confirms major construction progress in early 14th century and façade fresco by 1345. ([Wikipedia][33])
77,CAT_0082,cathedral,Dom St. Stephanus und St. Sixtus,Halberstadt,Halberstadt Cathedral,0.3939393939393939,1236.0,1491.0,255.0,1236.0,1491.0,255.0,high_numeric,Correct. Present Gothic cathedral was built 1236–1491. ([Wikipedia][34])
84,CAT_0089,cathedral,St. Petri-Dom,Bremen,Bremen Cathedral,0.42105263157894735,785.0,1102.0,317.0,1041.0,1253.0,212.0,high_numeric,"Earlier foundations exist, but the main medieval building/towers developed from the 11th century through west towers in 1215–1253. ([Wikipedia][3])"
87,CAT_0092,cathedral,Duomo di Arezzo,Arezzo,Arezzo Cathedral,0.43902439024390244,1200.0,1511.0,233.0,1277.0,1511.0,234.0,high_numeric,Present structure began in 1277/1278 and ended in 1511; façade is later and should not count. ([Wikipedia][6])
88,CAT_0093,cathedral,Dom zu Meißen,Meissen,Meissen Cathedral,0.43902439024390244,970.0,1410.0,440.0,1260.0,1410.0,150.0,high_numeric,Present Gothic hall church was built 1260–1410; 970 belongs to bishopric/site history. ([Wikipedia][7])
92,CAT_0098,cathedral,Magdeburger Dom,Magdeburg,Magdeburg Cathedral,0.46808510638297873,1209.0,1520.0,311.0,1209.0,1520.0,311.0,high_numeric,Correct. Current cathedral began in 1209 and was completed with the towers in 1520. ([Wikipedia][10])
93,CAT_0099,cathedral,Cattedrale di San Gerlando,Agrigento,Agrigento Cathedral,0.3793103448275862,1100.0,1700.0,173.0,1093.0,1305.0,212.0,high_numeric,Norman foundation/consecration in 1099; later rebuilding under Bishop Bertaldo in 1305 is a better medieval endpoint than 1700. ([Wikipedia][11])
97,CAT_0103,cathedral,Dom,"Luebeck (Lübeck), see also Old-Luebeck",Lübeck Cathedral,0.35294117647058826,1173.0,1400.0,227.0,1173.0,1335.0,162.0,high_numeric,"Started 1173, Romanesque completed c.1230, Gothic conversion completed 1335. ([Wikipedia][14])"
98,CAT_0104,cathedral,Lincoln Cathedral,Lincoln,Lincoln Cathedral,0.7555555555555555,1072.0,1092.0,138.0,1072.0,1311.0,239.0,high_numeric,"Original Norman build finished 1092, but present medieval cathedral includes major post-1185 rebuilding; use broad medieval phase if keeping. ([Wikipedia][15])"
99,CAT_0106,cathedral,Dom St. Stephan,Passau,Passau Cathedral,0.4,720.0,1598.0,878.0,1668.0,1693.0,25.0,high_numeric,Current Baroque cathedral was built after the 1662 fire from 1668 to 1693; raw dates reflect earlier churches. ([Wikipedia][16])
100,CAT_0107,cathedral,Basilica di San Lorenzo,Firenze,"San Lorenzo, Florence",0.6296296296296297,1059.0,1461.0,1140.0,1419.0,1459.0,40.0,high_numeric,Current Renaissance basilica began around 1419 and was largely complete by 1459. ([Wikipedia][17])
101,CAT_0108,cathedral,Cathédrale Saint-Julien,Le Mans,Le Mans Cathedral,0.35294117647058826,1139.0,1423.0,284.0,1060.0,1430.0,370.0,high_numeric,Present fabric combines Romanesque rebuilding from c.1060/consecrated 1120 and later Gothic work culminating around 1430. ([Wikipedia][18])
108,CAT_0115,cathedral,Kiliansdom,Wuerzburg(Würzburg),Würzburg Cathedral,0.43902439024390244,750.0,1075.0,325.0,1040.0,1075.0,35.0,high_numeric,"Present cathedral built from 1040, completed 1075, consecrated 1187 after later rebuilding. ([Wikipedia][25])"
109,CAT_0116,cathedral,Dom zu Speyer,Speyer,Speyer Cathedral,0.46153846153846156,1030.0,1106.0,76.0,1030.0,1106.0,76.0,high_numeric,Keep: Speyer I consecrated 1061; Henry IV’s reconstruction c.1090–1106. ([Wikipedia][26])
117,CAT_0124,cathedral,Basilica Sancti Petri,Roma,"St Peter’s Basilica, Rome",0.4528301886792453,300.0,1626.0,35.0,1506.0,1626.0,120.0,high_numeric,"Use present basilica, not Old St Peter’s. Current basilica began 1506 and was completed/consecrated 1626. ([Wikipedia][34])"
119,CAT_0127,cathedral,Canterbury Cathedral,Canterbury,Canterbury Cathedral,0.7407407407407407,597.0,1834.0,350.0,1070.0,1500.0,430.0,medium_broad_or_phase_choice,Present Norman rebuild began 1070 and major east-end work completed 1126; later Gothic rebuilding can be a broader medieval phase. ([Wikipedia][35])
120,CAT_0128,cathedral,Exeter Cathedral,Exeter,Exeter Cathedral,0.7619047619047619,1112.0,1133.0,247.0,1112.0,1342.0,230.0,high_numeric,"Norman cathedral began 1112; Gothic rebuilding and west/nave work continued into 14th century, cloister to 1414. ([Wikipedia][36])"
124,CAT_0133,cathedral,Duomo Di Modena,Modena,Modena Cathedral,0.43902439024390244,1099.0,1389.0,1055.0,1099.0,1319.0,220.0,high_numeric,Built from 1099; consecrated 1184; completed 1319. ([Wikipedia][40])
125,CAT_0134,cathedral,York Minster,York,York Minster,0.75,627.0,1472.0,252.0,1220.0,1472.0,252.0,high_numeric,"Use Gothic minster, not early foundation. Gothic work began 1220 and cathedral was declared complete/consecrated in 1472. ([Wikipedia][41])"
126,CAT_0135,cathedral,Dom Sankt Peter und Paul,Naumburg (Naumburg (Saale)),Naumburg Cathedral,0.37037037037037035,1029.0,1242.0,213.0,1029.0,1044.0,15.0,high_numeric,"Present famous late Romanesque/Gothic building mostly from c.1210 onward, with east choir around 1330. ([Wikipedia][42])"
131,CAT_0141,cathedral,Cattedrale di Maria Santissima delle Vittorie,Piazza Armerina,Piazza Armerina Cathedral,0.38202247191011235,1400.0,1719.0,420.0,1604.0,1719.0,115.0,high_numeric,Present cathedral began 1604 and ended 1719; dome added 1768 but not needed as construction endpoint. ([Wikipedia][46])
138,CAT_0148,cathedral,Cathédrale Saint-Jean,Besancon,Besançon Cathedral,0.35294117647058826,700.0,1250.0,550.0,1127.0,1212.0,85.0,high_numeric,Rebuilt 1127–1161; fire in 1212; medieval fabric broadly 11th–13th c. ([Wikipedia][2])
142,CAT_0152,cathedral,Domkerk,Utrecht,Utrecht Domkerk,0.48484848484848486,1254.0,1517.0,263.0,1254.0,1517.0,263.0,high_numeric,Correct. Construction began 1254 and continued until 1517. ([Wikipedia][6])
149,CAT_0159,cathedral,Cathédrale Notre-Dame,Strasbourg (Strassburg),Strasbourg Cathedral,0.43636363636363634,1176.0,1439.0,263.0,1176.0,1439.0,263.0,high_numeric,Correct for main Gothic campaign.
151,CAT_0161,cathedral,Durham Cathedral,Durham,Durham Cathedral,0.7619047619047619,1093.0,2017.0,242.0,1093.0,1133.0,40.0,high_numeric,"Present Norman cathedral core, not modern restoration."
153,CAT_0163,cathedral,Hereford Cathedral,Hereford,Hereford Cathedral,0.75,1079.0,1400.0,700.0,1079.0,1250.0,171.0,medium_broad_or_phase_choice,Keep as medieval construction/development span.
161,CAT_0172,cathedral,St Paul's Cathedral,London,"St Paul’s Cathedral, London",0.9454545454545454,100.0,1710.0,614.0,1675.0,1710.0,35.0,high_numeric,"Use Wren’s present cathedral, not Old St Paul’s."
162,CAT_0173,cathedral,Cattedrale di San Rufino,Assisi,"San Rufino, Assisi",0.6666666666666666,1100.0,1571.0,553.0,1140.0,1253.0,113.0,medium_broad_or_phase_choice,"Use Romanesque cathedral construction, not later interior changes."
165,CAT_0176,cathedral,Duomo,Mantua,Mantua Cathedral,0.5161290322580645,1300.0,1761.0,801.0,1545.0,1761.0,216.0,high_numeric,Keep/review; current interior/fabric strongly reshaped by Giulio Romano and later façade.
276,CAT_0291,cathedral,Cathédrale Sainte-Anne,Apt,Cahors Cathedral,0.35555555555555557,700.0,1320.0,620.0,1080.0,1320.0,240.0,medium_broad_or_phase_choice,Use Romanesque/Gothic construction rather than early foundation.
168,CAT_0179,cathedral,Catedrale,Caltabellotta,Caltabellotta Cathedral,0.6122448979591837,1090.0,1110.0,20.0,1090.0,1110.0,20.0,high_numeric,"Keep, but flag source check later."
173,CAT_0184,cathedral,Duomo di lecce,Lecce,Lecce Cathedral,0.42105263157894735,1100.0,1689.0,56.0,1659.0,1670.0,11.0,high_numeric,Present Baroque cathedral by Zimbalo; keep as early modern rebuild.
175,CAT_0186,cathedral,Dom Sankt Peter,Regensburg,Regensburg Cathedral,0.4897959183673469,1200.0,1221.0,21.0,1273.0,1520.0,247.0,high_numeric,Raw dates are wrong; Gothic cathedral began 1273 and continued into 16th c.
178,CAT_0189,cathedral,Cattedrale di Foggia,Foggia,Foggia Cathedral,0.391304347826087,1172.0,1223.0,134.0,1172.0,1223.0,51.0,high_numeric,Keep.
183,CAT_0194,cathedral,St.-Paulus-Dom,Muenster (Münster (Westfalen)),Münster Cathedral,0.38095238095238093,1225.0,1264.0,39.0,1225.0,1264.0,39.0,high_numeric,Keep.
187,CAT_0198,cathedral,Cathédrale Saint-Bénigne,Dijon,Dijon Saint-Bénigne,0.5769230769230769,700.0,1325.0,625.0,1280.0,1325.0,45.0,medium_broad_or_phase_choice,"Use Gothic abbey/cathedral reconstruction, not early abbey history."
190,CAT_0201,cathedral,Winchester Cathedral,Winchester,Winchester Cathedral,0.7407407407407407,1079.0,2016.0,800.0,1079.0,1532.0,453.0,medium_broad_or_phase_choice,"Use medieval construction/remodeling, not modern work."
192,CAT_0204,cathedral,Cattedrale di Santa Maria Assunta,Acqui Terme,Acqui Terme Cathedral,0.37681159420289856,1000.0,1900.0,470.0,989.0,1067.0,78.0,high_numeric,Use Romanesque cathedral consecrated in 1067; later works separate.
194,CAT_0207,cathedral,Duomo di Cefalù,Cefalu (Cefalù),Cefalù Cathedral,0.5365853658536586,1131.0,1148.0,136.0,1131.0,1240.0,109.0,medium_broad_or_phase_choice,Raw end too short if using broader completion.
198,CAT_0211,cathedral,Ely Cathedral,Ely,Ely Cathedral,0.7878787878787878,672.0,1500.0,800.0,1083.0,1539.0,456.0,medium_broad_or_phase_choice,"Use Norman cathedral/monastic church onward, not early abbey foundation."
199,CAT_0212,cathedral,Cattedrale di Santa Maria del Fiore,Firenze,"Santa Maria del Fiore, Florence",0.7105263157894737,1296.0,1471.0,1031.0,1296.0,1436.0,140.0,high_numeric,Keep; use 1436 for dome/consecration or 1471 for lantern/completion depending convention.
201,CAT_0215,cathedral,Duomo di Orvieto,Orvieto,Orvieto Cathedral,0.4090909090909091,1290.0,1591.0,317.0,1290.0,1591.0,301.0,high_numeric,Keep.
205,CAT_0219,cathedral,Cathédrale Saint-Pierre,Angouleme (Angoulême),Angoulême Cathedral,0.36363636363636365,700.0,1128.0,428.0,1110.0,1128.0,18.0,high_numeric,"Use present Romanesque cathedral, not early foundation."
206,CAT_0220,cathedral,Duomo di Aversa,Aversa,Aversa Cathedral,0.43902439024390244,1053.0,1090.0,647.0,1053.0,1090.0,37.0,high_numeric,Keep.
207,CAT_0221,cathedral,Kölner Dom,"Koeln (Köln, Cologne)",Kölner Dom / Cologne Cathedral,0.6382978723404256,1248.0,1480.0,232.0,1248.0,1473.0,225.0,high_numeric,"Medieval work began in 1248, stopped in the late 15th century, and the cathedral was finally completed in 1880. For your premodern model, I would use **1248–1473**. ([Wikipedia][1])"
208,CAT_0222,cathedral,Cattedrale di Sant'Ambrogio,Vigevano,Vigevano Cathedral,0.3508771929824561,900.0,1606.0,50.0,1532.0,1606.0,74.0,high_numeric,Present cathedral began in 1532 and the edifice was completed in 1606; façade is a later 1670s phase. ([Wikipedia][2])
210,CAT_0224,cathedral,Duomo,Piacenza,Piacenza Cathedral,0.5714285714285714,1122.0,1233.0,110.0,1122.0,1233.0,111.0,high_numeric,Current structure was built between 1122 and 1233. ([Wikipedia][4])
213,CAT_0227,cathedral,Duomo di Monza,Monza,Monza Cathedral,0.42105263157894735,1300.0,1681.0,920.0,1300.0,1681.0,381.0,high_numeric,Raw dates are usable as a full structural/decorative campaign; source lists groundbreaking 1300 and completion 1681. ([Wikipedia][6])
214,CAT_0228,cathedral,Dom St. Peter zu Trier,Trier,Trier Cathedral,0.4,1040.0,1196.0,156.0,340.0,1066.0,726.0,high_numeric,"For modeling, use the Salian westwork phase **1010–1066**, not the late antique sacred-site origin. ([Wikipedia][7])"
217,CAT_0231,cathedral,Cathédrale_Saint-Front,Perigueux (Périgueux),"Saint-Front, Périgueux",0.7142857142857143,700.0,1337.0,637.0,976.0,1120.0,144.0,high_numeric,"Abbey built in 976, consecrated 1047, burned in 1120; later 19th-century Abadie reconstruction should not be the modeled medieval duration. ([Wikipedia][9])"
222,CAT_0236,cathedral,Duomo di Savona,Savona,Savona Cathedral,0.43902439024390244,1589.0,1605.0,100.0,1589.0,1605.0,16.0,high_numeric,Correct; current cathedral began 1589 and was completed 1605. ([Wikipedia][12])
225,CAT_0240,cathedral,Lichfield Cathedral,Lichfield,Lichfield Cathedral,0.7450980392156863,1330.0,2015.0,630.0,1200.0,1330.0,130.0,high_numeric,Present Gothic cathedral generally began in early 13th century and Lady Chapel was completed in the 1330s. ([Wikipedia][15])
231,CAT_0246,cathedral,Cattedrale San Lorenzo Maiorano,Manfredonia,Manfredonia Cathedral,0.3880597014925373,1270.0,1274.0,4.0,1270.0,1274.0,4.0,high_numeric,Correct for the first cathedral after the transfer from Siponto; flag as short but source-supported. ([Wikipedia][17])
238,CAT_0253,cathedral,Cathédrale Saint-Mammès,Langres,Langres Cathedral,0.35294117647058826,1150.0,1366.0,216.0,1140.0,1196.0,56.0,high_numeric,"Rebuilding began around 1140; dedication in 1196, with only some vaults unfinished. ([Wikipedia][20])"
247,CAT_0262,cathedral,Cathédrale Notre-Dame-de-l'Assomption,Clermont-Ferrand,Clermont-Ferrand Cathedral,0.43373493975903615,700.0,1345.0,645.0,1248.0,1345.0,97.0,high_numeric,Use Gothic cathedral start rather than earlier Christian site.
237,CAT_0252,cathedral,Cattedrale di Santa Maria Assunta,Montepulciano,Montepulciano Cathedral,0.410958904109589,1512.0,1680.0,670.0,1594.0,1680.0,86.0,high_numeric,Present cathedral was a late Renaissance/early Baroque rebuild; keep as early modern.
244,CAT_0259,cathedral,Cattedrale di Belluno,Belluno,Belluno Cathedral,0.3673469387755102,1400.0,1624.0,360.0,1517.0,1624.0,107.0,high_numeric,Keep as Renaissance/early modern rebuilding span.
245,CAT_0260,cathedral,Église Saint-Pierre,Condom,Condom Cathedral,0.35555555555555557,1400.0,1507.0,107.0,1507.0,1531.0,24.0,high_numeric,Keep broad as late Gothic/early 16th-century construction.
227,CAT_0242,cathedral,Chichester Cathedral,Chichester,Chichester Cathedral,0.7407407407407407,1300.0,1108.0,550.0,1076.0,1108.0,32.0,high_numeric,Raw order is reversed. Use the Norman core span.
232,CAT_0247,cathedral,Basilica di Santa Maria Maggiore,Santa Maria Capua Vetere (Santa Maria Capua Vetere),Santa Maria Capua Vetere,0.5714285714285714,432.0,820.0,388.0,432.0,820.0,388.0,medium_broad_or_phase_choice,Keep only if early Christian cathedrals are retained; date span is broad but not automatically invalid.
248,CAT_0263,cathedral,Sankt-Petri-Dom zu Schleswig,Schleswig (hedeby),Schleswig Cathedral,0.4666666666666667,1134.0,1600.0,466.0,1134.0,1408.0,274.0,medium_broad_or_phase_choice,Romanesque basilica began 1134 and was completed around 1200; late Gothic hall church was built from 1200 to 1408 and finally completed in the 16th century. Use **1134–1408** for a cleaner medieval span. ([Wikipedia][1])
251,CAT_0266,cathedral,Cathédrale Notre-Dame,Coutances,Coutances Cathedral,0.41509433962264153,1220.0,1270.0,50.0,1210.0,1274.0,64.0,high_numeric,Present Gothic cathedral began in 1210 and was completed in 1274. ([Wikipedia][4])
252,CAT_0267,cathedral,cathedrale saint-etienne,Toul,Toul Cathedral,0.391304347826087,1220.0,1497.0,277.0,1221.0,1496.0,275.0,high_numeric,Current Gothic cathedral began around 1221 and was essentially complete by 1496/1497. ([Wikipedia][5])
254,CAT_0269,cathedral,Dom Unserer Lieben Frau,Augsburg,Augsburg Cathedral,0.37735849056603776,700.0,1441.0,741.0,995.0,1431.0,436.0,medium_broad_or_phase_choice,Use the main Ottonian/Romanesque cathedral core if strict; include later Gothic additions only if using broad multi-phase fabric.
265,CAT_0280,cathedral,Cathédrale Saint-Étienne,St Brieuc (Saint-Brieuc),Saint-Brieuc Cathedral,0.4745762711864407,700.0,1500.0,800.0,1180.0,1472.0,292.0,high_numeric,Present building began around 1180; later reconstructions and chapel work continued into the 15th century. ([Wikipedia][16])
271,CAT_0286,cathedral,Cathédrale Saint-Jean-Baptiste,Perpignan,Perpignan Cathedral,0.3548387096774194,1324.0,1453.0,129.0,1324.0,1509.0,185.0,high_numeric,Construction began in 1324 and finished in the 15th century / 1509. ([Wikipedia][22])
274,CAT_0289,cathedral,Duomo di Monreale,Monreale,Monreale Cathedral,0.5106382978723404,1172.0,1267.0,8.0,1174.0,1189.0,15.0,high_numeric,Norman cathedral was rapidly built in the late 12th century; 1267 may reflect later completion/consecration traditions. Keep as corrected but flag phase choice.
278,CAT_0293,cathedral,Cathédrale Saint-Pierre,"St Flour (Saint-Flour, Cantal)",Saint-Flour Cathedral,0.4642857142857143,700.0,1466.0,766.0,1398.0,1466.0,68.0,high_numeric,Present Gothic cathedral construction fits the 14th–15th-century phase; use this instead of early foundation.
280,CAT_0296,cathedral,Dom Mariä Himmelfahrt,Hildesheim,Hildesheim Cathedral,0.43636363636363634,852.0,1300.0,448.0,1010.0,1020.0,10.0,medium_broad_or_phase_choice,"Main Romanesque cathedral was built 1010–1020; later additions occurred in 11th, 12th, and 14th centuries. ([Wikipedia][24])"
284,CAT_0300,cathedral,Paroisse Saint-Siffrein,Carpentras,Carpentras Cathedral,0.42105263157894735,700.0,1538.0,838.0,1409.0,1559.0,150.0,medium_broad_or_phase_choice,Built in the 15th century; construction started in 1409 and continued for about 150 years. ([Wikipedia][27])
290,CAT_0307,cathedral,Dom St. Peter,Worms,Worms Cathedral,0.3888888888888889,1130.0,1300.0,170.0,1130.0,1181.0,51.0,high_numeric,"Current Romanesque cathedral was essentially rebuilt from about 1130; eastern parts were complete by c.1144, nave/western choir/towers by 1160–1181, and consecrated in 1181. ([Wikipedia][3])"
293,CAT_0310,cathedral,Dom zu Merseburg,Merseburg,Merseburg Cathedral,0.5,1015.0,1042.0,27.0,1015.0,1042.0,27.0,high_numeric,"Raw dates are usable: construction began in 1015, consecrated 1021, and formally opened in 1042 after rebuilding the collapsed eastern part. ([Wikipedia][6])"
294,CAT_0311,cathedral,Rochester Cathedral,Rochester,Rochester Cathedral,0.7450980392156863,604.0,604.0,263.0,1080.0,1130.0,50.0,high_numeric,Raw date is just the early foundation. Present Norman cathedral began around 1080 under Gundulf and was dedicated in 1130 or 1133. Use 1080–1130 for modeling. ([Wikipedia][7])
296,CAT_0313,cathedral,Duomo di Ravello,Amalfi,Ravello Cathedral,0.5116279069767442,1086.0,1100.0,14.0,1086.0,1100.0,14.0,high_numeric,"Keep as-is provisionally. The raw span is plausible for the Norman/Romanesque foundation phase, though this one should be flagged as source-confirmation-needed if we later tighten confidence levels."
297,CAS_0002,castle,Berneck Castle,Kauns,Berneck Castle,0.8333333333333334,1200.0,1300.0,100.0,1200.0,1250.0,50.0,medium_broad_or_phase_choice,Early 13th-century proxy.
298,CAS_0003,castle,Burg Krems,Voitsberg,Burg Krems,0.8333333333333334,1100.0,1400.0,300.0,1100.0,1600.0,500.0,medium_broad_or_phase_choice,Broad medieval-to-Renaissance construction/development span.
299,CAS_0004,castle,Burgruine Kollmitz,Raabs an der Thaya,Burgruine Kollmitz,0.9024390243902439,1200.0,1300.0,100.0,1200.0,1300.0,100.0,medium_broad_or_phase_choice,13th-century proxy.
300,CAS_0005,castle,Falkenstein Castle,Obervellach,Falkenstein Castle,0.8823529411764706,1100.0,1200.0,100.0,1100.0,1200.0,100.0,medium_broad_or_phase_choice,12th-century proxy.
301,CAS_0006,castle,Gösting Castle,Graz,Gösting Castle,0.8260869565217391,1000.0,1728.0,728.0,1042.0,1500.0,458.0,high_numeric,Remove 1728 replacement/ruin endpoint; use medieval castle through late-medieval expansion.
302,CAS_0007,castle,Schloss Bruck,Lienz,Schloss Bruck,0.8260869565217391,1252.0,1278.0,26.0,1252.0,1278.0,26.0,high_numeric,Raw dates retained.
303,CAS_0009,castle,Castle Rožmitál pod Třemšínem,Rožmitál pod Třemšínem,Castle Rožmitál pod Třemšínem,0.8739495798319328,1200.0,2000.0,800.0,1230.0,1564.0,334.0,high_numeric,Built in the 13th century / listed as built 1230; major Renaissance rebuilding occurred 1559–1564.
304,CAS_0010,castle,Loket Castle,Loket,Loket Castle,0.7058823529411765,870.0,1822.0,952.0,1175.0,1399.0,224.0,high_numeric,Remove legendary/early origin and prison-conversion endpoint; use main medieval stone castle phase.
305,CAS_0013,castle,Egeskov Castle,Faaborg-Midtfyn Municipality,Egeskov Castle,0.9148936170212766,1405.0,1554.0,149.0,1554.0,1554.0,0.0,zero_duration_flag,Current Renaissance water castle is treated as single-year construction; flag for zero-duration handling.
306,CAS_0014,castle,Häme Castle,Hämeenlinna,Häme Castle,0.8518518518518519,1200.0,1300.0,100.0,1200.0,1300.0,100.0,medium_broad_or_phase_choice,13th-century proxy.
307,CAS_0016,castle,Turku Castle,Turku,Turku Castle,0.8181818181818182,1200.0,1600.0,400.0,1280.0,1600.0,320.0,high_numeric,Use late-13th-century foundation through 16th-century development.
308,CAS_0017,castle,Castle of Colombières,Colombières,Castle of Colombières,0.9041095890410958,1300.0,1400.0,100.0,1300.0,1400.0,100.0,medium_broad_or_phase_choice,14th-century proxy.
309,CAS_0018,castle,Château de Chambéry,Chambéry,Château de Chambéry,0.8888888888888888,1000.0,1100.0,100.0,1200.0,1500.0,300.0,medium_broad_or_phase_choice,Raw dates too early; use broad medieval/ducal castle phase.
310,CAS_0019,castle,Château de Châteaubriant,Châteaubriant,Château de Châteaubriant,0.9156626506024096,1000.0,1600.0,600.0,1000.0,1600.0,600.0,medium_broad_or_phase_choice,Broad medieval-to-Renaissance castle/château development.
311,CAS_0021,castle,Château de Vincennes,Vincennes,Château de Vincennes,0.8955223880597015,1340.0,1410.0,70.0,1340.0,1410.0,70.0,high_numeric,Main donjon/fortress phase.
313,CAS_0025,castle,Louvre Castle,Paris,Louvre Castle,0.8444444444444444,1190.0,1610.0,420.0,1190.0,1202.0,12.0,high_numeric,"Use medieval fortress construction only, not later palace sequence."
314,CAS_0026,castle,castel of Tournon,Tournon-sur-Rhône,castel of Tournon,0.9090909090909091,1500.0,1600.0,100.0,1500.0,1600.0,100.0,medium_broad_or_phase_choice,16th-century proxy.
315,CAS_0028,castle,Altenstein Castle,Maroldsweisach,Altenstein Castle,0.8888888888888888,1232.0,2003.0,771.0,1231.0,1441.0,210.0,medium_broad_or_phase_choice,First directly referred to as a castle with church in 1231/1232; by 1441 it had developed into a multi-family Ganerbenburg.
316,CAS_0029,castle,Berum Castle,Hage,Berum Castle,0.8095238095238095,1310.0,1591.0,281.0,1310.0,1591.0,281.0,medium_broad_or_phase_choice,Raw range retained provisionally.
317,CAS_0030,castle,Boosenburg,Rüdesheim am Rhein,Boosenburg,0.8787878787878788,1100.0,1200.0,100.0,1100.0,1200.0,100.0,medium_broad_or_phase_choice,12th-century proxy.
318,CAS_0031,castle,Dohna Castle,Dohna,Dohna Castle,0.8181818181818182,950.0,1830.0,880.0,950.0,1121.0,171.0,medium_broad_or_phase_choice,Probably founded around 950; destroyed at the beginning of the 12th century and rebuilt around 1121.
319,CAS_0032,castle,Eltz Castle,Wierschem,Eltz Castle,0.84,1157.0,1540.0,383.0,1157.0,1540.0,383.0,high_numeric,Multi-phase castle development retained.
320,CAS_0034,castle,Grubenhagen Castle,Einbeck,Grubenhagen Castle,0.8666666666666667,1200.0,1300.0,100.0,1200.0,1300.0,100.0,medium_broad_or_phase_choice,13th-century proxy.
321,CAS_0036,castle,Old Castle (Koblenz),Koblenz,Old Castle (Koblenz),0.8181818181818182,1185.0,1307.0,122.0,1276.0,1307.0,31.0,high_numeric,Use castle-specific construction phase.
322,CAS_0037,castle,Ronneburg Castle,Ronneburg,Ronneburg Castle,0.8666666666666667,1200.0,1549.0,349.0,1200.0,1549.0,349.0,medium_broad_or_phase_choice,Broad medieval-to-16th-century phase.
323,CAS_0040,castle,Wartburg,Eisenach,Wartburg,0.8095238095238095,1067.0,1859.0,792.0,1067.0,1318.0,251.0,high_numeric,Founded around 1067; use full medieval castle fabric through South Tower in 1318; exclude 1859 restoration.
324,CAS_0041,castle,Wewelsburg,Büren,Wewelsburg,0.8,1603.0,1609.0,6.0,1603.0,1609.0,6.0,high_numeric,Raw dates retained.
325,CAS_0044,castle,Birr Castle,Birr,Birr Castle,0.8,1170.0,1845.0,675.0,1620.0,1845.0,225.0,medium_broad_or_phase_choice,Use present-form phase; flag because earlier castle existed.
326,CAS_0048,castle,Branzoll Castle,Klausen,Branzoll Castle,0.8846153846153846,1250.0,1912.0,662.0,1255.0,1255.0,0.0,zero_duration_flag,Built in the context of the 1255 dispute; later 1895/1911 dates are renovations.
327,CAS_0049,castle,Caldora-Cantelmo Castle,Pacentro,Caldora-Cantelmo Castle,0.9142857142857143,1000.0,1400.0,400.0,1000.0,1500.0,500.0,medium_broad_or_phase_choice,Broad 11th-to-15th-century proxy.
328,CAS_0050,castle,Castello Orsini,Massa d'Albe,Castello Orsini,0.9032258064516129,1300.0,1400.0,100.0,1300.0,1400.0,100.0,medium_broad_or_phase_choice,14th-century proxy.
329,CAS_0051,castle,Castello Visconteo,Vogogna,Castello Visconteo,0.896551724137931,1400.0,1500.0,100.0,1300.0,1500.0,200.0,medium_broad_or_phase_choice,Corrected to broad 14th-to-15th-century phase.
330,CAS_0052,castle,Castello Visconteo,Lodi,Castello Visconteo,0.8846153846153846,1100.0,1400.0,300.0,1300.0,1400.0,100.0,medium_broad_or_phase_choice,Raw start too early; use 14th-century Visconti phase proxy.
331,CAS_0053,castle,Castello Visconteo,Voghera,Castello Visconteo,0.896551724137931,1335.0,1372.0,37.0,1335.0,1372.0,37.0,high_numeric,Raw dates retained.
332,CAS_0054,castle,Castello di Belgioioso,Belgioioso,Castello di Belgioioso,0.9166666666666666,1300.0,1400.0,100.0,1300.0,1400.0,100.0,medium_broad_or_phase_choice,14th-century proxy.
333,CAS_0055,castle,Castle of Barletta,Barletta,Castle of Barletta,0.9,1000.0,1100.0,100.0,1000.0,1500.0,500.0,medium_broad_or_phase_choice,Broad Norman/Swabian/Aragonese development.
334,CAS_0056,castle,Castle of Trezzo sull'Adda,Trezzo sull'Adda,Castle of Trezzo sull'Adda,0.9347826086956522,1370.0,1377.0,7.0,1370.0,1377.0,7.0,high_numeric,Raw dates retained.
335,CAS_0057,castle,Festenstein Castle,Eppan an der Weinstraße,Festenstein Castle,0.9333333333333333,1200.0,1300.0,100.0,1200.0,1300.0,100.0,medium_broad_or_phase_choice,13th-century proxy.
336,CAS_0061,castle,Visconti-Sforza Castle,Galliate,Visconti-Sforza Castle,0.9117647058823529,1400.0,1500.0,100.0,1476.0,1496.0,20.0,medium_broad_or_phase_choice,Likely late-15th-century Sforza reconstruction.
337,CAS_0062,castle,Conisbrough Castle,Conisbrough,Conisbrough Castle,0.759493670886076,1000.0,1100.0,100.0,1070.0,1180.0,110.0,medium_broad_or_phase_choice,Broad Norman earthwork-to-stone phase.
338,CAS_0068,castle,Racibórz Castle,Racibórz,Racibórz Castle,0.8727272727272727,1108.0,1287.0,179.0,1200.0,1287.0,87.0,high_numeric,Use 13th-century castle phase to 1287.
339,CAS_0069,castle,Castle of Abrantes,Abrantes (São Vicente e São João) e Alferrarede,Castle of Abrantes,0.9010989010989011,130.0,1900.0,1770.0,1179.0,1303.0,124.0,high_numeric,Christian fortification was rebuilt after the 1179 foral/resistance episode; Afonso III strengthened it in 1250 and works were completed under Dinis between 1300–1303.
340,CAS_0071,castle,Castle of Belver,Belver,Castle of Belver,0.8363636363636363,1194.0,1212.0,18.0,1194.0,1212.0,18.0,high_numeric,Raw dates retained.
341,CAS_0072,castle,Castle of Evoramonte,Evoramonte,Castle of Evoramonte,0.8732394366197183,1100.0,1200.0,100.0,1100.0,1530.0,430.0,high_numeric,Medieval castle plus major 1530s rebuild.
342,CAS_0073,castle,Castle of Freixo de Espada-à-Cinta,Freixo de Espada à Cinta e Mazouco,Castle of Freixo de Espada-à-Cinta,0.9387755102040817,1100.0,1200.0,100.0,1100.0,1300.0,200.0,medium_broad_or_phase_choice,12th-to-13th-century proxy.
343,CAS_0074,castle,Castle of Santa Maria da Feira,"Santa Maria da Feira, Travanca, Sanfins e Espargo",Castle of Santa Maria da Feira,0.9454545454545454,868.0,1986.0,1118.0,1028.0,1037.0,9.0,medium_broad_or_phase_choice,"Use reconstruction/development project during Bermudo III's reign, 1028–1037; 1986 is modern renovation."
