row_index,study_id,monument_type,name,site_or_city,raw_start,raw_end,matched_to,similarity,reason
0,CAT_0001,cathedral,Johanniskirche,Mainz,700.0,1100.0,"Johanniskirche, Mainz",0.9302325581395349,Source gives construction start **before 910** and identifies it as late Carolingian / early Ottonian; exact completion is not clean enough for modeling. ([Wikipedia][1])
38,CAT_0041,cathedral,Duomo di Rovigo,Rovigo,964.0,1791.0,Duomo di Rovigo,0.75,964 is first documentary mention; new church began 1067 and became collegiate around 1073. Later rebuilding in 1696 and dome work 1770–1791 are separate phases. ([Wikipedia][39])
44,CAT_0047,cathedral,Mindener Dom,Minden,820.0,1290.0,Minden Cathedral,0.42105263157894735,"Groundbreaking is listed as 803, but the building grew over centuries and I did not find a clean defensible end date from the quick pass. ([Wikipedia][4])"
56,CAT_0060,cathedral,Basilica di Santa Trofimena,Amalfi,1747.0,1900.0,Basilica di Santa Trofimena,0.84375,Present church began in 1747 and was completed at the beginning of the next century; the raw 1900 endpoint is too late. ([Wikipedia][16])
57,CAT_0061,cathedral,Duomo,Enna (Kasr Yannik),1307.0,1311.0,"Duomo, Enna",0.8695652173913043,I did not get a strong source in this pass. The four-year duration is suspicious and should not be accepted without checking a dedicated source.
58,CAT_0062,cathedral,Basilica di San Giorgio fuori le mura,Ferrara,600.0,1800.0,"San Giorgio fuori le mura, Ferrara",0.8148148148148148,"This is the old extra-mural church, not the main Ferrara Cathedral. It was rebuilt in the 15th century and again in 1581, with later changes. ([Wikipedia][17])"
64,CAT_0069,cathedral,Münster Unserer Lieben Frau,Konstanz (Drusomagus),590.0,1500.0,Konstanz Minster,0.36363636363636365,First mention around 615; Gothic adaptation 1418–1525. Raw 590 is too early; this needs a phase decision. ([Wikipedia][23])
66,CAT_0071,cathedral,Duomo di Massa,Massa,1400.0,1936.0,Massa Cathedral,0.42105263157894735,Current cathedral status belongs to the former St Francis church; it was reconstructed 1660–1670. The raw range mixes old pieve/cathedral status and later history. ([Wikipedia][25])
75,CAT_0080,cathedral,Aachener Dom,Aachen,796.0,1355.0,Aachen Cathedral,0.42105263157894735,Palatine Chapel core was built 796–805; Gothic choir added 1355–1414. Raw 796–1355 mixes core and later expansion. ([Wikipedia][32])
79,CAT_0084,cathedral,Cattedrale di San Clemente,Velletri,400.0,1300.0,Velletri Cathedral,0.35714285714285715,"Earlier church dated to 4th century, but present cathedral was rebuilt in 1660. Raw 400–1300 is not usable. ([Wikipedia][36])"
90,CAT_0096,cathedral,Cattedrale San Giuliano,Caltagirone,1090.0,1282.0,Caltagirone Cathedral,0.4406779661016949,Source only confirms Norman origin and post-1693 rebuild; no clean span for present cathedral from quick pass. ([Wikipedia][52])
96,CAT_0102,cathedral,Duomo di Treviso,Treviso,500.0,1900.0,Treviso Cathedral,0.45454545454545453,Current building was rebuilt from 1759/1768 with 1836 façade; raw span mixes early Christian origin and modern fabric. ([Wikipedia][53])
118,CAT_0125,cathedral,"Duomo di Bolzano - Pfarrkirche Bozen (\Dom\"""")""""",Bolzano,1400.0,1517.0,Bolzano Cathedral,0.3870967741935484,"Need a stronger source before correcting; likely usable, but not enough from this pass."
86,CAT_0091,cathedral,Cattedrale San Giuseppe,Vasto,1200.0,2000.0,"Cattedrale San Giuseppe, Vasto",0.9508196721311475,"I listed it above as keep-broad because it is 13th c., but if you require numeric start/end, it remains review. ([Wikipedia][5])"
257,CAT_0272,cathedral,Cathédrale Saint-Étienne,Agde,700.0,1200.0,Rennes Cathedral,0.375,Current nave/choir rebuilt 1787–1845; old cathedral/front phases are too mixed for a premodern duration. ([Wikipedia][54])
156,CAT_0167,cathedral,San Giustino,Chieti,900.0,1936.0,Chieti Cathedral,0.42105263157894735,"Raw span mixes early medieval church, rebuilding, earthquake/modern restoration. Review later."
160,CAT_0171,cathedral,Santi Giovanni e Reparata,Lucca,1100.0,1200.0,"Santi Giovanni e Reparata, Lucca",0.9538461538461539,Needs source clarification; may be former cathedral/archaeological complex rather than current cathedral fabric.
176,CAT_0187,cathedral,Cattedrale di Santa Maria Assunta,San Severo,1000.0,1800.0,San Severo Cathedral,0.3582089552238806,Likely medieval origin plus later Baroque restoration; too mixed without a clean span.
186,CAT_0197,cathedral,Cattedrale,Gravina (Gravina in Puglia),1000.0,1600.0,Gravina Cathedral,0.47368421052631576,Needs dedicated correction; likely medieval rebuild after earthquake phases.
211,CAT_0225,cathedral,Santa Maria Assunta,Fano,1100.0,2000.0,"Santa Maria Assunta, Fano",0.9411764705882353,Raw endpoint is modern/restoration-like; needs clean present-building source.
215,CAT_0229,cathedral,Duomo San Massimo,Aquila (L'Aquila),1200.0,2000.0,L’Aquila Cathedral,0.4,Heavily earthquake/reconstruction affected; needs phase decision.
216,CAT_0230,cathedral,Cathédrale Sainte-Croix,Orleans (Orléans),700.0,1320.0,"Sainte-Croix, Orléans",0.7037037037037037,Keepable only after choosing whether the modeled building is medieval Gothic **1288–1530** or rebuilt present cathedral **1601–1829**.
219,CAT_0233,cathedral,Cathédrale Saint-Vincent,Macon (Mâcon),700.0,1280.0,"Saint-Vincent, Mâcon",0.6923076923076923,Present church is 1808–1818; old cathedral remnants are separate. ([Wikipedia][22])
220,CAT_0234,cathedral,chiesa dell'Addolorata,Acqui Terme,500.0,1018.0,"chiesa dell’Addolorata, Acqui Terme",0.9577464788732394,Not confident this is the cathedral record; review.
226,CAT_0241,cathedral,Duomo abbaziale di Santa Tecla,Este,400.0,1200.0,"Duomo abbaziale di Santa Tecla, Este",0.958904109589041,Needs source check; likely phase-confused.
234,CAT_0249,cathedral,Cattedrale di San Zeno,Pistoia,900.0,2000.0,Pistoia Cathedral,0.36,Needs source confirmation if you need exact numeric span.
239,CAT_0254,cathedral,Cathédrale Sainte-Marie,Oloron Ste Marie (Oloron-Sainte-Marie),700.0,1400.0,Oloron-Sainte-Marie Cathedral,0.5,"Likely usable, but needs source check before numeric correction."
283,CAT_0299,cathedral,cathedrale saint arnoux,Gap,500.0,1100.0,Gap Cathedral,0.4186046511627907,"Current cathedral was built **1866–1904**, replacing a medieval cathedral. The raw dates refer to earlier site history and do not give a clean premodern present-building span. ([Wikipedia][31])"
286,CAT_0302,cathedral,Cathédrale Saint-Antonin,Pamiers,1000.0,1400.0,"Saint-Antonin / Pamiers, if strict numeric span required",0.5454545454545454,Keep broad only; exact corrected numeric span requires a phase decision because the present building combines 12th-century remains and 17th-century reconstruction.
312,CAS_0022,castle,Château de l'Île (Ostwald),Ostwald,1600.0,1891.0,Château de l'Île (Ostwald),0.8727272727272727,"Present building was built in 1891, reusing elements of an earlier castle; the premodern castle phase is not cleanly dated enough for a continuous construction duration."
