name,country,wikipedia_url,file_start_year,file_end_year,file_construction_duration_years,online_build_start_year,online_build_end_year,online_build_duration_years,duration_difference_file_minus_online,check_status,online_evidence_type,online_evidence_text,wiki_type_extracted,abs_diff
Tourbillon Castle,Switzerland,https://en.wikipedia.org/wiki/Tourbillon_Castle,1297.0,1887.0,590.0,1297.0,1308.0,11.0,579.0,DIFFERS,built_year_range,built: 1297–1308,Castle Ruins,579.0
Pernštejn Castle,Czech Republic,https://en.wikipedia.org/wiki/Pern%C5%A1tejn_Castle,1270.0,1600.0,330.0,1270.0,1285.0,15.0,315.0,DIFFERS,built_year_range,built: 1270–1285,Castle,315.0
Château de Vincennes,France,https://en.wikipedia.org/wiki/Ch%C3%A2teau_de_Vincennes,1300.0,1658.0,358.0,1340.0,1410.0,70.0,288.0,DIFFERS,built_year_range,built: c. 1340–1410,Medieval castle,288.0
Chepstow Castle,United Kingdom,https://en.wikipedia.org/wiki/Chepstow_Castle,1066.0,1090.0,24.0,1066.0,1300.0,234.0,-210.0,DIFFERS,built_year_range,built: 1066–1300,Castle,210.0
Aberystwyth Castle,United Kingdom,https://en.wikipedia.org/wiki/Aberystwyth_Castle,1200.0,1289.0,89.0,1277.0,1289.0,12.0,77.0,DIFFERS,built_year_range,built: 1277–1289,Diamond-shaped concentric castle,77.0
Château de Keriolet,France,https://en.wikipedia.org/wiki/Ch%C3%A2teau_de_Keriolet,1800.0,1883.0,83.0,1863.0,1883.0,20.0,63.0,DIFFERS,explicit_start_completed,construction started: 1863; completed: 1883,Castle,63.0
Castello Visconteo,Italy,https://en.wikipedia.org/wiki/Visconti_Castle_(Voghera),1300.0,1372.0,72.0,1335.0,1372.0,37.0,35.0,DIFFERS,built_year_range,built: 1335–1372,"Medieval castle , noble residence",35.0
Kajaani Castle,Finland,https://en.wikipedia.org/wiki/Kajaani_Castle,1600.0,1619.0,19.0,1604.0,1619.0,15.0,4.0,DIFFERS,explicit_start_completed,construction started: 1604; completed: 1619,Medieval castle,4.0
Devín Castle,Slovakia,https://en.wikipedia.org/wiki/Dev%C3%ADn_Castle,864.0,2023.0,1159.0,1400.0,1500.0,100.0,1059.0,BROAD_CENTURY_SPAN_COMPARE_CAUTION,broad_century_span,built: 864 – 15th century Last fortifications were built in the 17th century,Castle,1059.0
Castle of Barletta,Italy,https://en.wikipedia.org/wiki/Castle_of_Barletta,1000.0,2009.0,1009.0,1000.0,1100.0,100.0,909.0,BROAD_CENTURY_SPAN_COMPARE_CAUTION,broad_century_span,built: 11th century-17th century,Medieval-Renaissance castle,909.0
Rötteln Castle,Germany,https://en.wikipedia.org/wiki/R%C3%B6tteln_Castle,1000.0,1985.0,985.0,1000.0,1100.0,100.0,885.0,BROAD_CENTURY_SPAN_COMPARE_CAUTION,broad_century_span,built: c. 11th century,Castle,885.0
Gestelnburg,Switzerland,https://en.wikipedia.org/wiki/Gestelnburg,1100.0,1993.0,893.0,1100.0,1200.0,100.0,793.0,BROAD_CENTURY_SPAN_COMPARE_CAUTION,broad_century_span,built: Probably 12th century,"Hill castle , rock castle",793.0
Conisbrough Castle,Kingdom of England,https://en.wikipedia.org/wiki/Conisbrough_Castle,1000.0,1885.0,885.0,1000.0,1100.0,100.0,785.0,BROAD_CENTURY_SPAN_COMPARE_CAUTION,broad_century_span,built: 11th century,Castle,785.0
Festenstein Castle,Italy,https://en.wikipedia.org/wiki/Festenstein_Castle,1200.0,2008.0,808.0,1200.0,1300.0,100.0,708.0,BROAD_CENTURY_SPAN_COMPARE_CAUTION,broad_century_span,built: 13th century,Castle ruin,708.0
Berneck Castle,Austria,https://en.wikipedia.org/wiki/Berneck_Castle,1200.0,1987.0,787.0,1200.0,1300.0,100.0,687.0,BROAD_CENTURY_SPAN_COMPARE_CAUTION,broad_century_span,built: early 13th century,Hilltop Castle,687.0
Boosenburg,Germany,https://en.wikipedia.org/wiki/Boosenburg,1100.0,1872.0,772.0,1100.0,1200.0,100.0,672.0,BROAD_CENTURY_SPAN_COMPARE_CAUTION,broad_century_span,built: 12th century,lowland castle,672.0
Häme Castle,Finland,https://en.wikipedia.org/wiki/H%C3%A4me_Castle,1200.0,1953.0,753.0,1200.0,1300.0,100.0,653.0,BROAD_CENTURY_SPAN_COMPARE_CAUTION,broad_century_span,built: 13th century,Castle,653.0
Castello Visconteo,Italy,https://en.wikipedia.org/wiki/Visconti_Castle_(Vogogna),1300.0,2001.0,701.0,1400.0,1500.0,100.0,601.0,BROAD_CENTURY_SPAN_COMPARE_CAUTION,broad_century_span,built: 15th century,Medieval castle,601.0
Falkenstein Castle,Austria,https://en.wikipedia.org/wiki/Falkenstein_Castle_(Niederfalkenstein),1100.0,1772.0,672.0,1100.0,1200.0,100.0,572.0,BROAD_CENTURY_SPAN_COMPARE_CAUTION,broad_century_span,built: 12th century,Spur castle,572.0
Carisbrooke Castle,United Kingdom,https://en.wikipedia.org/wiki/Carisbrooke_Castle,1100.0,1600.0,500.0,1100.0,1200.0,100.0,400.0,BROAD_CENTURY_SPAN_COMPARE_CAUTION,broad_century_span,built: Begun in 12th century,Castle,400.0
Marschlins Castle,Switzerland,https://en.wikipedia.org/wiki/Marschlins_Castle,1200.0,1638.0,438.0,1200.0,1300.0,100.0,338.0,BROAD_CENTURY_SPAN_COMPARE_CAUTION,broad_century_span,built: 13th century,water castle,338.0
Castle of Evoramonte,Portugal,https://en.wikipedia.org/wiki/Castle_of_Evoramonte,1100.0,1531.0,431.0,1100.0,1200.0,100.0,331.0,BROAD_CENTURY_SPAN_COMPARE_CAUTION,broad_century_span,built: 12th Century,Castle,331.0
Château de Chambéry,France,https://en.wikipedia.org/wiki/Ch%C3%A2teau_des_ducs_de_Savoie,1000.0,1430.0,430.0,1000.0,1100.0,100.0,330.0,BROAD_CENTURY_SPAN_COMPARE_CAUTION,broad_century_span,built: 11th century,Castle,330.0
Urquhart Castle,United Kingdom,https://en.wikipedia.org/wiki/Urquhart_Castle,1200.0,1922.0,722.0,1200.0,1600.0,400.0,322.0,BROAD_CENTURY_SPAN_COMPARE_CAUTION,broad_century_span,built: 13th to 16th centuries,Curtain wall castle and tower house,322.0
Château de Châteaubriant,France,https://en.wikipedia.org/wiki/Ch%C3%A2teau_de_Ch%C3%A2teaubriant,1000.0,1300.0,300.0,1000.0,1600.0,600.0,-300.0,BROAD_CENTURY_SPAN_COMPARE_CAUTION,broad_century_span,built: 11th-16th century,"Castle , stately home",300.0
Harthill Castle,United Kingdom,https://en.wikipedia.org/wiki/Harthill_Castle,1601.0,1978.0,377.0,1400.0,1500.0,100.0,277.0,BROAD_CENTURY_SPAN_COMPARE_CAUTION,broad_century_span,built: First castle: by 15th century Second castle: 1601 or 1638,Z-plan castle,277.0
Hörningsholm Castle,Sweden,https://en.wikipedia.org/wiki/H%C3%B6rningsholm_Castle,1400.0,1752.0,352.0,1400.0,1500.0,100.0,252.0,BROAD_CENTURY_SPAN_COMPARE_CAUTION,broad_century_span,built: Probably late 15th century,Castle,252.0
Old Wardour Castle,United Kingdom,https://en.wikipedia.org/wiki/Wardour_Castle,1300.0,1578.0,278.0,1300.0,1400.0,100.0,178.0,BROAD_CENTURY_SPAN_COMPARE_CAUTION,broad_century_span,built: 14th century,Castle,178.0
Kilchurn Castle,United Kingdom,https://en.wikipedia.org/wiki/Kilchurn_Castle,1400.0,1614.0,214.0,1400.0,1500.0,100.0,114.0,BROAD_CENTURY_SPAN_COMPARE_CAUTION,broad_century_span,built: 15th century,Castle,114.0
Caldora-Cantelmo Castle,Italy,https://en.wikipedia.org/wiki/Castello_Caldora,1200.0,1500.0,300.0,1000.0,1400.0,400.0,-100.0,BROAD_CENTURY_SPAN_COMPARE_CAUTION,broad_century_span,built: 11th-14th century,Castle,100.0
Dzików Castle,Poland,https://en.wikipedia.org/wiki/Dzik%C3%B3w_Castle,1300.0,1500.0,200.0,1400.0,1500.0,100.0,100.0,BROAD_CENTURY_SPAN_COMPARE_CAUTION,completed_century_only,completed: 15th century,castle,100.0
Castle of Freixo de Espada-à-Cinta,Portugal,https://en.wikipedia.org/wiki/Castle_of_Freixo_de_Espada-%C3%A0-Cinta,1100.0,1258.0,158.0,1100.0,1200.0,100.0,58.0,BROAD_CENTURY_SPAN_COMPARE_CAUTION,broad_century_span,built: 12th century,Castle,58.0
Rocchetta Mattei,Italy,https://en.wikipedia.org/wiki/Rocchetta_Mattei,1850.0,1900.0,50.0,1800.0,1900.0,100.0,-50.0,BROAD_CENTURY_SPAN_COMPARE_CAUTION,completed_century_only,completed: late 19th century,"Castle, former sanatorium",50.0
Castello Visconteo,Italy,https://en.wikipedia.org/wiki/Visconti_Castle_(Lodi),1100.0,1355.0,255.0,1100.0,1400.0,300.0,-45.0,BROAD_CENTURY_SPAN_COMPARE_CAUTION,broad_century_span,built: 12th-14th centuries,Medieval castle,45.0
Castello Orsini,Italy,https://en.wikipedia.org/wiki/Castello_Orsini,1300.0,1372.0,72.0,1300.0,1400.0,100.0,-28.0,BROAD_CENTURY_SPAN_COMPARE_CAUTION,broad_century_span,built: 14th century,Castle,28.0
Burgruine Kollmitz,Austria,https://en.wikipedia.org/wiki/Burgruine_Kollmitz,1200.0,1319.0,119.0,1200.0,1300.0,100.0,19.0,BROAD_CENTURY_SPAN_COMPARE_CAUTION,broad_century_span,built: 13th Century,Castle,19.0
Waytemore Castle,United Kingdom,https://en.wikipedia.org/wiki/Waytemore_Castle,1100.0,1214.0,114.0,1100.0,1200.0,100.0,14.0,BROAD_CENTURY_SPAN_COMPARE_CAUTION,broad_century_span,built: c.12th Century,Castle Ruins,14.0
Visconti-Sforza Castle,Italy,https://en.wikipedia.org/wiki/Visconti-Sforza_Castle_(Galliate),1400.0,1496.0,96.0,1400.0,1500.0,100.0,-4.0,BROAD_CENTURY_SPAN_COMPARE_CAUTION,broad_century_span,built: 15th century,Medieval castle,4.0
Pejačević Manor,Croatia,https://en.wikipedia.org/wiki/Peja%C4%8Devi%C4%87_Castle_in_Na%C5%A1ice,1811.0,1812.0,1.0,1811.0,1812.0,1.0,0.0,MATCH,built_year_range,built: 1811 - 1812,Lowland castle,0.0
Castle of Colombières,France,https://en.wikipedia.org/wiki/Ch%C3%A2teau_de_Colombi%C3%A8res,1300.0,1400.0,100.0,1300.0,1400.0,100.0,0.0,MATCH,completed_century_only,completed: 14th century,Medieval Castle,0.0
Château de la Mercerie,France,https://en.wikipedia.org/wiki/Ch%C3%A2teau_de_la_Mercerie,1800.0,1900.0,100.0,1800.0,1900.0,100.0,0.0,MATCH,completed_century_only,completed: 19th century,Castle,0.0
castel of Tournon,France,https://en.wikipedia.org/wiki/Ch%C3%A2teau_de_Tournon,1500.0,1600.0,100.0,1500.0,1600.0,100.0,0.0,MATCH,completed_century_only,completed: 16th century,castle,0.0
Grubenhagen Castle,Germany,https://en.wikipedia.org/wiki/Grubenhagen_Castle_(Einbeck),1200.0,1300.0,100.0,1200.0,1300.0,100.0,0.0,MATCH,completed_century_only,completed: 12th/13th century,hill castle,0.0
Wewelsburg,Germany,https://en.wikipedia.org/wiki/Wewelsburg,1603.0,1609.0,6.0,1603.0,1609.0,6.0,0.0,MATCH,explicit_start_completed,construction started: 1603; completed: 1609,Castle,0.0
Albertis Castle,Italy,https://en.wikipedia.org/wiki/D%27Albertis_Castle,1886.0,1893.0,7.0,1886.0,1893.0,7.0,0.0,MATCH,explicit_start_completed,construction started: 1886; completed: 1893,Castle,0.0
Castello di Belgioioso,Italy,https://en.wikipedia.org/wiki/Belgioioso_Castle,1300.0,1400.0,100.0,1300.0,1400.0,100.0,0.0,MATCH,broad_century_span,built: 14th century,Medieval Castle,0.0
Castle of Trezzo sull'Adda,Italy,https://en.wikipedia.org/wiki/Visconti_Castle_(Trezzo_sull%27Adda),1370.0,1377.0,7.0,1370.0,1377.0,7.0,0.0,MATCH,built_year_range,built: 1370–1377,Medieval castle,0.0
Tauragė Castle,Lithuania,https://en.wikipedia.org/wiki/Taurag%C4%97_Castle,1844.0,1847.0,3.0,1844.0,1847.0,3.0,0.0,MATCH,built_year_range,built: 1844 – 1847,Castle and residential manor,0.0
Berg Castle,Luxembourg,https://en.wikipedia.org/wiki/Berg_Castle,1907.0,1911.0,4.0,1907.0,1911.0,4.0,0.0,MATCH,explicit_start_completed,construction started: 1907; completed: 1911,Castle,0.0
Uppsala Castle,Sweden,https://en.wikipedia.org/wiki/Uppsala_Castle,1549.0,1762.0,213.0,1549.0,1762.0,213.0,0.0,MATCH,explicit_start_completed,construction started: 1549; completed: 1762 (rebuild after fire),Castle,0.0
Vittskövle Castle,Sweden,https://en.wikipedia.org/wiki/Vittsk%C3%B6vle_Castle,1553.0,1577.0,24.0,1553.0,1577.0,24.0,0.0,MATCH,built_year_range,built: 1553-1577 ; 449 years ago ( 1577 ),Castle,0.0
Kildrummy Castle,United Kingdom,https://en.wikipedia.org/wiki/Kildrummy_Castle,1200.0,1300.0,100.0,1200.0,1300.0,100.0,0.0,MATCH,completed_century_only,completed: 13th century,Secular: castle; well,0.0
Queenborough Castle,United Kingdom,https://en.wikipedia.org/wiki/Queenborough_Castle,1361.0,1367.0,6.0,1361.0,1367.0,6.0,0.0,MATCH,built_year_range,built: 1361-1367,Concentric castle,0.0
Prezë Fortress,Albania,https://en.wikipedia.org/wiki/Prez%C3%AB_Castle,550.0,1500.0,950.0,,,,,NO_DIRECT_ONLINE_DURATION_FOUND,no_direct_online_span,,Castle,
Burg Krems,Austria,https://en.wikipedia.org/wiki/Burg_Krems,1100.0,1400.0,300.0,,,,,NO_DIRECT_ONLINE_DURATION_FOUND,no_direct_online_span,,Castle,
Gösting Castle,Austria,https://en.wikipedia.org/wiki/G%C3%B6sting_Castle,1000.0,1728.0,728.0,1042.0,1042.0,,,NO_DIRECT_DURATION_SINGLE_BUILT_YEAR_ONLY,single_built_year_only,built: before 1042,Castle,
Schloss Bruck,Austria,https://en.wikipedia.org/wiki/Burg_Bruck,1252.0,1278.0,26.0,1252.0,1252.0,,,NO_DIRECT_DURATION_SINGLE_BUILT_YEAR_ONLY,single_built_year_only,built: From about 1252,Castle,
Castle Rožmitál pod Třemšínem,Czech Republic,https://en.wikipedia.org/wiki/Ro%C5%BEmit%C3%A1l_pod_T%C5%99em%C5%A1%C3%ADnem_Castle,1200.0,2000.0,800.0,1230.0,1230.0,,,NO_DIRECT_DURATION_SINGLE_BUILT_YEAR_ONLY,single_built_year_only,built: 1230,Castle,
Loket Castle,Czech Republic,https://en.wikipedia.org/wiki/Loket_Castle,870.0,1822.0,952.0,1230.0,1230.0,,,NO_DIRECT_DURATION_SINGLE_BUILT_YEAR_ONLY,single_built_year_only,built: 1230 [ 1 ],Castle,
Radyně Castle,Czech Republic,https://en.wikipedia.org/wiki/Radyn%C4%9B_Castle,1361.0,1361.0,0.0,1361.0,1361.0,,,NO_DIRECT_DURATION_SINGLE_BUILT_YEAR_ONLY,single_built_year_only,built: 1361,Castle,
Egeskov Castle,Denmark,https://en.wikipedia.org/wiki/Egeskov_Castle,1405.0,1554.0,149.0,1554.0,1554.0,,,NO_DIRECT_DURATION_SINGLE_COMPLETED_YEAR_ONLY,single_completed_year_only,completed: 1554,Water castle,
Turku Castle,Finland,https://en.wikipedia.org/wiki/Turku_Castle,1200.0,1600.0,400.0,,,,,NO_DIRECT_ONLINE_DURATION_FOUND,no_direct_online_span,,Medieval castle,
Château de l'Île (Ostwald),France,https://en.wikipedia.org/wiki/Ch%C3%A2teau_de_l%27%C3%8Ele,1600.0,1891.0,291.0,,,,,NO_DIRECT_ONLINE_DURATION_FOUND,no_direct_online_span,,Castle,
Château du Vigneau,France,https://en.wikipedia.org/wiki/Ch%C3%A2teau_du_Vigneau,1848.0,1848.0,0.0,,,,,NO_DIRECT_ONLINE_DURATION_FOUND,no_direct_online_span,,"Castle , winery house, champagne house",
Louvre Castle,France,https://en.wikipedia.org/wiki/Medieval_Louvre_Castle,1190.0,1610.0,420.0,1190.0,1190.0,,,NO_DIRECT_DURATION_SINGLE_BUILT_YEAR_ONLY,single_built_year_only,built: From 1190,Medieval castle,
Amilakhvari Castle,Georgia,https://en.wikipedia.org/wiki/Amilakhvari_castle,1600.0,1800.0,200.0,,,,,NO_DIRECT_ONLINE_DURATION_FOUND,no_direct_online_span,,"Castle, museum",
Altenstein Castle,Germany,https://en.wikipedia.org/wiki/Altenstein_Castle_(Lower_Franconia),1232.0,2003.0,771.0,1232.0,1232.0,,,NO_DIRECT_DURATION_SINGLE_BUILT_YEAR_ONLY,single_built_year_only,built: first recorded in 1232,hill castle,
Berum Castle,Germany,https://en.wikipedia.org/wiki/Berum_Castle,1310.0,1591.0,281.0,1310.0,1310.0,,,NO_DIRECT_DURATION_SINGLE_BUILT_YEAR_ONLY,single_built_year_only,built: c. 1310,Moated castle in a village,
Dohna Castle,Germany,https://en.wikipedia.org/wiki/Dohna_Castle,950.0,1830.0,880.0,,,,,NO_DIRECT_ONLINE_DURATION_FOUND,no_direct_online_span,,"hill castle , spur castle",
Eltz Castle,Germany,https://en.wikipedia.org/wiki/Eltz_Castle,1157.0,1540.0,383.0,,,,,NO_DIRECT_ONLINE_DURATION_FOUND,no_direct_online_span,,Hill castle,
Erichsburg,Germany,https://en.wikipedia.org/wiki/Erichsburg,1200.0,1500.0,300.0,,,,,NO_DIRECT_ONLINE_DURATION_FOUND,no_direct_online_span,,Lowland castle ( Niederungsburg ),
Neideck Castle,Germany,https://en.wikipedia.org/wiki/Neideck_Castle,1050.0,2008.0,958.0,1050.0,1050.0,,,NO_DIRECT_DURATION_SINGLE_BUILT_YEAR_ONLY,single_built_year_only,built: probably around 1050,"hill castle , spur castle",
Old Castle (Koblenz),Germany,https://en.wikipedia.org/wiki/Old_Castle_(Koblenz),1185.0,1307.0,122.0,1185.0,1185.0,,,NO_DIRECT_DURATION_SINGLE_BUILT_YEAR_ONLY,single_built_year_only,built: around 1185,lowland castle and settlement,
Ronneburg Castle,Germany,https://en.wikipedia.org/wiki/Ronneburg_Castle,1200.0,1549.0,349.0,,,,,NO_DIRECT_ONLINE_DURATION_FOUND,no_direct_online_span,,Hilltop castle,
Schadeck Castle,Germany,https://en.wikipedia.org/wiki/Schadeck_Castle,1288.0,2006.0,718.0,1288.0,1288.0,,,NO_DIRECT_DURATION_SINGLE_BUILT_YEAR_ONLY,single_built_year_only,built: 1288,hill castle,
Wartburg,Germany,https://en.wikipedia.org/wiki/Wartburg,1067.0,1859.0,792.0,,,,,NO_DIRECT_ONLINE_DURATION_FOUND,no_direct_online_span,,Castle,
Ardfinnan Castle,Ireland,https://en.wikipedia.org/wiki/Ardfinnan_Castle,1185.0,1185.0,0.0,1185.0,1185.0,,,NO_DIRECT_DURATION_SINGLE_COMPLETED_YEAR_ONLY,single_completed_year_only,completed: 1185 ; 841 years ago ( 1185 ),Castle,
Ballycowan Castle,Ireland,https://en.wikipedia.org/wiki/Ballycowan_Castle,1589.0,1589.0,0.0,1589.0,1589.0,,,NO_DIRECT_DURATION_SINGLE_COMPLETED_YEAR_ONLY,single_completed_year_only,completed: 1589,Castle / Fortified House,
Birr Castle,Ireland,https://en.wikipedia.org/wiki/Birr_Castle,1170.0,1845.0,675.0,1170.0,1170.0,,,NO_DIRECT_DURATION_SINGLE_BUILT_YEAR_ONLY,single_built_year_only,built: 1170 ( 1170 ),Castle,
Kilcoe Castle,Ireland,https://en.wikipedia.org/wiki/Kilcoe_Castle,1458.0,2004.0,546.0,1458.0,1458.0,,,NO_DIRECT_DURATION_SINGLE_BUILT_YEAR_ONLY,single_built_year_only,built: 1458 [ 1 ],Medieval castle,
Moydrum Castle,Ireland,https://en.wikipedia.org/wiki/Moydrum_Castle,1812.0,1814.0,2.0,1812.0,1812.0,,,NO_DIRECT_DURATION_SINGLE_BUILT_YEAR_ONLY,single_built_year_only,built: 1812 ( 1812 ),Castle,
Branzoll Castle,Italy,https://en.wikipedia.org/wiki/Branzoll_Castle,1250.0,1912.0,662.0,1250.0,1250.0,,,NO_DIRECT_DURATION_SINGLE_BUILT_YEAR_ONLY,single_built_year_only,built: about 1250 (first documented mention),Hill castle,
Piccolomini Castle,Italy,https://en.wikipedia.org/wiki/Castello_Piccolomini_(Capestrano),1485.0,1485.0,0.0,1485.0,1485.0,,,NO_DIRECT_DURATION_SINGLE_BUILT_YEAR_ONLY,single_built_year_only,built: 1485,Castle,
Piccolomini Castle,Italy,https://en.wikipedia.org/wiki/Castello_Piccolomini_(Celano),1451.0,1960.0,509.0,1451.0,1451.0,,,NO_DIRECT_DURATION_SINGLE_BUILT_YEAR_ONLY,single_built_year_only,built: 1451,Castle,
Klaipėda Castle,Lithuania,https://en.wikipedia.org/wiki/Klaip%C4%97da_Castle,1252.0,2021.0,769.0,1252.0,1252.0,,,NO_DIRECT_DURATION_SINGLE_BUILT_YEAR_ONLY,single_built_year_only,built: 1252,Castle,
Panemunė Castle,Lithuania,https://en.wikipedia.org/wiki/Panemun%C4%97_Castle,1313.0,1958.0,645.0,1313.0,1313.0,,,NO_DIRECT_DURATION_SINGLE_BUILT_YEAR_ONLY,single_built_year_only,built: 1313,Castle,
Racibórz Castle,Poland,https://en.wikipedia.org/wiki/Racib%C3%B3rz_Castle,1108.0,1287.0,179.0,,,,,NO_DIRECT_ONLINE_DURATION_FOUND,no_direct_online_span,,castle,
Castle of Abrantes,Portugal,https://en.wikipedia.org/wiki/Castle_of_Abrantes,130.0,1900.0,1770.0,,,,,NO_DIRECT_ONLINE_DURATION_FOUND,no_direct_online_span,,Castle,
Castle of Almeida,Portugal,https://en.wikipedia.org/wiki/Castle_Fortress_of_Almeida,1641.0,1641.0,0.0,1641.0,1641.0,,,NO_DIRECT_DURATION_SINGLE_BUILT_YEAR_ONLY,single_built_year_only,built: 1641,Castle,
Castle of Belver,Portugal,https://en.wikipedia.org/wiki/Castle_of_Belver,1194.0,1212.0,18.0,1194.0,1194.0,,,NO_DIRECT_DURATION_SINGLE_BUILT_YEAR_ONLY,single_built_year_only,built: c. 1194,Castle,
Castle of Santa Maria da Feira,Portugal,https://en.wikipedia.org/wiki/Castle_of_Santa_Maria_da_Feira,868.0,1986.0,1118.0,,,,,NO_DIRECT_ONLINE_DURATION_FOUND,no_direct_online_span,,Castle,
Castle of Terena,Portugal,https://en.wikipedia.org/wiki/Castle_of_Terena,1262.0,1977.0,715.0,1262.0,1262.0,,,NO_DIRECT_DURATION_SINGLE_BUILT_YEAR_ONLY,single_built_year_only,built: c. 1262,Castle,
Castle of Gormaz,Spain,https://en.wikipedia.org/wiki/Castle_of_Gormaz,965.0,1400.0,435.0,,,,,NO_DIRECT_ONLINE_DURATION_FOUND,no_direct_online_span,,castle,
Royal Palace of Olite,Spain,https://en.wikipedia.org/wiki/Palace_of_the_Kings_of_Navarre_of_Olite,1200.0,1967.0,767.0,,,,,NO_DIRECT_ONLINE_DURATION_FOUND,no_direct_online_span,,"First there was a Roman fortification , after a medieval castle and then a royal palace , currently is a hotel and a town sight",
Maltesholm Castle,Sweden,https://en.wikipedia.org/wiki/Maltesholm_Castle,1780.0,1780.0,0.0,1780.0,1780.0,,,NO_DIRECT_DURATION_SINGLE_BUILT_YEAR_ONLY,single_built_year_only,built: 1780 ; 246 years ago ( 1780 ),Castle,
Bottmingen Castle,Switzerland,https://en.wikipedia.org/wiki/Bottmingen_Castle,1200.0,1363.0,163.0,1363.0,1363.0,,,NO_DIRECT_DURATION_SINGLE_COMPLETED_YEAR_ONLY,single_completed_year_only,completed: Before 1363,Castle,
Lenzburg Castle,Switzerland,https://en.wikipedia.org/wiki/Lenzburg_Castle,1036.0,1761.0,725.0,1036.0,1036.0,,,NO_DIRECT_DURATION_SINGLE_BUILT_YEAR_ONLY,single_built_year_only,built: before 1036,hill castle,
Upper Castle Zizers,Switzerland,"https://en.wikipedia.org/wiki/Upper_Castle,_Zizers",1680.0,1976.0,296.0,1680.0,1680.0,,,NO_DIRECT_DURATION_SINGLE_BUILT_YEAR_ONLY,single_built_year_only,built: 1680,Castle,
Ardrossan Castle,United Kingdom,https://en.wikipedia.org/wiki/Ardrossan_Castle,1140.0,1500.0,360.0,1140.0,1140.0,,,NO_DIRECT_DURATION_SINGLE_BUILT_YEAR_ONLY,single_built_year_only,built: around 1140,Castle of enceinte,
Ballygally Castle,United Kingdom,https://en.wikipedia.org/wiki/Ballygally_Castle,1625.0,1625.0,0.0,1625.0,1625.0,,,NO_DIRECT_DURATION_SINGLE_COMPLETED_YEAR_ONLY,single_completed_year_only,completed: 1625,Castle,
Berry Pomeroy Castle,United Kingdom,https://en.wikipedia.org/wiki/Berry_Pomeroy_Castle,1400.0,1710.0,310.0,,,,,NO_DIRECT_ONLINE_DURATION_FOUND,no_direct_online_span,,Castle,
Carlisle Castle,United Kingdom,https://en.wikipedia.org/wiki/Carlisle_Castle,1092.0,1138.0,46.0,,,,,NO_DIRECT_ONLINE_DURATION_FOUND,no_direct_online_span,,Castle,
Chirk Castle,United Kingdom,https://en.wikipedia.org/wiki/Chirk_Castle,1295.0,1295.0,0.0,1295.0,1295.0,,,NO_DIRECT_DURATION_SINGLE_COMPLETED_YEAR_ONLY,single_completed_year_only,completed: 1295,Castle / Stately home,
Colchester Castle,United Kingdom,https://en.wikipedia.org/wiki/Colchester_Castle,1076.0,1801.0,725.0,1076.0,1076.0,,,NO_DIRECT_DURATION_SINGLE_BUILT_YEAR_ONLY,single_built_year_only,built: circa 1076,Norman castle,
Dalquharran Castle,United Kingdom,https://en.wikipedia.org/wiki/Dalquharran_Castle,1790.0,1790.0,0.0,1790.0,1790.0,,,NO_DIRECT_DURATION_SINGLE_BUILT_YEAR_ONLY,single_built_year_only,built: 1790,Secular: castle,
Fast Castle,United Kingdom,https://en.wikipedia.org/wiki/Fast_Castle,1522.0,1522.0,0.0,1522.0,1522.0,,,NO_DIRECT_DURATION_SINGLE_BUILT_YEAR_ONLY,single_built_year_only,"built: Unknown, rebuilt 1522",Courtyard castle,
Lancaster Castle,United Kingdom,https://en.wikipedia.org/wiki/Lancaster_Castle,1000.0,2019.0,1019.0,,,,,NO_DIRECT_ONLINE_DURATION_FOUND,no_direct_online_span,,Castle,
Leslie Castle,United Kingdom,https://en.wikipedia.org/wiki/Leslie_Castle,1661.0,1989.0,328.0,1661.0,1661.0,,,NO_DIRECT_DURATION_SINGLE_BUILT_YEAR_ONLY,single_built_year_only,built: Around 1661,Castle,
Northampton Castle,United Kingdom,https://en.wikipedia.org/wiki/Northampton_Castle,1084.0,1086.0,2.0,1084.0,1084.0,,,NO_DIRECT_DURATION_SINGLE_BUILT_YEAR_ONLY,single_built_year_only,built: 1084,Motte-and-bailey castle,
Norwich Castle,United Kingdom,https://en.wikipedia.org/wiki/Norwich_Castle,1067.0,1827.0,760.0,1067.0,1067.0,,,NO_DIRECT_DURATION_SINGLE_BUILT_YEAR_ONLY,single_built_year_only,built: 1067 ( 1067 ) onwards,Motte-and-bailey castle,
Pevensey Castle,United Kingdom,https://en.wikipedia.org/wiki/Pevensey_Castle,290.0,1301.0,1011.0,,,,,NO_DIRECT_ONLINE_DURATION_FOUND,no_direct_online_span,,Castle,
Piel Castle,United Kingdom,https://en.wikipedia.org/wiki/Piel_Castle,1300.0,1991.0,691.0,,,,,NO_DIRECT_ONLINE_DURATION_FOUND,no_direct_online_span,,Concentric castle,
